file name ,device,subset,batch,parmeter 1 (gain/output/rate),parameter 2 (treble/ sensitivity),parameter 3 (bass),parameter 4 (volume),parameter 5 (switch) (0=thick),text1,number,text2
VAML_1.wav,Vox,Training,1,3,6,6,3,0,VAML_,1,.wav
VAML_2.wav,Vox,Training,2,3,6,6,3,0,VAML_,2,.wav
VAML_3.wav,Vox,Training,3,3,6,6,3,0,VAML_,3,.wav
VAML_4.wav,Vox,Training,4,3,6,6,3,0,VAML_,4,.wav
VAML_5.wav,Vox,Training,5,3,6,6,3,0,VAML_,5,.wav
VAML_6.wav,Vox,Training,6,3,6,6,3,0,VAML_,6,.wav
VAML_7.wav,Vox,Training,7,3,6,6,3,0,VAML_,7,.wav
VAML_8.wav,Vox,Training,8,3,6,6,3,0,VAML_,8,.wav
VAML_9.wav,Vox,Training,9,3,6,6,3,0,VAML_,9,.wav
VAML_10.wav,Vox,Training,10,3,6,6,3,0,VAML_,10,.wav
VAML_11.wav,Vox,Training,11,3,6,6,3,0,VAML_,11,.wav
VAML_12.wav,Vox,Training,12,3,6,6,3,0,VAML_,12,.wav
VAML_13.wav,Vox,Training,13,3,6,6,3,0,VAML_,13,.wav
VAML_14.wav,Vox,Training,14,3,6,6,3,0,VAML_,14,.wav
VAML_15.wav,Vox,Training,15,3,6,6,3,0,VAML_,15,.wav
VAML_16.wav,Vox,Training,16,3,6,6,3,0,VAML_,16,.wav
VAML_17.wav,Vox,Training,17,3,6,6,3,0,VAML_,17,.wav
VAML_18.wav,Vox,Training,18,3,6,6,3,0,VAML_,18,.wav
VAML_19.wav,Vox,Training,19,3,6,6,3,0,VAML_,19,.wav
VAML_20.wav,Vox,Training,20,3,6,6,3,0,VAML_,20,.wav
VAML_21.wav,Vox,Training,21,3,6,6,3,0,VAML_,21,.wav
VAML_22.wav,Vox,Training,22,3,6,6,3,0,VAML_,22,.wav
VAML_23.wav,Vox,Training,23,3,6,6,3,0,VAML_,23,.wav
VAML_24.wav,Vox,Training,24,3,6,6,3,0,VAML_,24,.wav
VAML_25.wav,Vox,Training,25,3,6,6,3,0,VAML_,25,.wav
VAML_26.wav,Vox,Training,26,3,6,6,3,0,VAML_,26,.wav
VAML_27.wav,Vox,Training,27,3,6,6,3,0,VAML_,27,.wav
VAML_28.wav,Vox,Training,28,3,6,6,3,0,VAML_,28,.wav
VAML_29.wav,Vox,Training,29,3,6,6,3,0,VAML_,29,.wav
VAML_30.wav,Vox,Training,30,3,6,6,3,0,VAML_,30,.wav
VAML_31.wav,Vox,Training,31,3,6,6,3,0,VAML_,31,.wav
VAML_32.wav,Vox,Training,32,3,6,6,3,0,VAML_,32,.wav
VAML_33.wav,Vox,Training,33,3,6,6,3,0,VAML_,33,.wav
VAML_34.wav,Vox,Training,34,3,6,6,3,0,VAML_,34,.wav
VAML_35.wav,Vox,Training,35,3,6,6,3,0,VAML_,35,.wav
VAML_36.wav,Vox,Training,36,3,6,6,3,0,VAML_,36,.wav
VAML_37.wav,Vox,Training,37,3,6,6,3,0,VAML_,37,.wav
VAML_38.wav,Vox,Training,38,3,6,6,3,0,VAML_,38,.wav
VAML_39.wav,Vox,Training,39,3,6,6,3,0,VAML_,39,.wav
VAML_40.wav,Vox,Training,40,3,6,6,3,0,VAML_,40,.wav
VAML_41.wav,Vox,Training,41,3,6,6,3,0,VAML_,41,.wav
VAML_42.wav,Vox,Training,42,3,6,6,3,0,VAML_,42,.wav
VAML_43.wav,Vox,Training,43,3,6,6,3,0,VAML_,43,.wav
VAML_44.wav,Vox,Training,44,3,6,6,3,0,VAML_,44,.wav
VAML_45.wav,Vox,Training,45,3,6,6,3,0,VAML_,45,.wav
VAML_46.wav,Vox,Training,46,3,6,6,3,0,VAML_,46,.wav
VAML_47.wav,Vox,Training,47,3,6,6,3,0,VAML_,47,.wav
VAML_48.wav,Vox,Training,48,3,6,6,3,0,VAML_,48,.wav
VAML_49.wav,Vox,Training,49,3,6,6,3,0,VAML_,49,.wav
VAML_50.wav,Vox,Training,50,3,6,6,3,0,VAML_,50,.wav
VAML_51.wav,Vox,Training,51,3,6,6,3,0,VAML_,51,.wav
VAML_52.wav,Vox,Training,52,3,6,6,3,0,VAML_,52,.wav
VAML_53.wav,Vox,Training,53,3,6,6,3,0,VAML_,53,.wav
VAML_54.wav,Vox,Training,54,3,6,6,3,0,VAML_,54,.wav
VAML_55.wav,Vox,Training,55,3,6,6,3,0,VAML_,55,.wav
VAML_56.wav,Vox,Training,56,3,6,6,3,0,VAML_,56,.wav
VAML_57.wav,Vox,Training,57,3,6,6,3,0,VAML_,57,.wav
VAML_58.wav,Vox,Training,58,3,6,6,3,0,VAML_,58,.wav
VAML_59.wav,Vox,Training,59,3,6,6,3,0,VAML_,59,.wav
VAML_60.wav,Vox,Training,60,3,6,6,3,0,VAML_,60,.wav
VAML_61.wav,Vox,Training,61,3,6,6,3,0,VAML_,61,.wav
VAML_62.wav,Vox,Training,62,3,6,6,3,0,VAML_,62,.wav
VAML_63.wav,Vox,Training,63,3,6,6,3,0,VAML_,63,.wav
VAML_64.wav,Vox,Training,64,3,6,6,3,0,VAML_,64,.wav
VAML_65.wav,Vox,Training,65,3,6,6,3,0,VAML_,65,.wav
VAML_66.wav,Vox,Training,66,3,6,6,3,0,VAML_,66,.wav
VAML_67.wav,Vox,Training,67,3,6,6,3,0,VAML_,67,.wav
VAML_68.wav,Vox,Training,68,3,6,6,3,0,VAML_,68,.wav
VAML_69.wav,Vox,Training,69,3,6,6,3,0,VAML_,69,.wav
VAML_70.wav,Vox,Training,70,3,6,6,3,0,VAML_,70,.wav
VAML_71.wav,Vox,Training,71,3,6,6,3,0,VAML_,71,.wav
VAML_72.wav,Vox,Training,72,3,6,6,3,0,VAML_,72,.wav
VAML_73.wav,Vox,Training,73,3,6,6,3,0,VAML_,73,.wav
VAML_74.wav,Vox,Training,74,3,6,6,3,0,VAML_,74,.wav
VAML_75.wav,Vox,Training,75,3,6,6,3,0,VAML_,75,.wav
VAML_76.wav,Vox,Training,76,3,6,6,3,0,VAML_,76,.wav
VAML_77.wav,Vox,Training,77,3,6,6,3,0,VAML_,77,.wav
VAML_78.wav,Vox,Training,78,3,6,6,3,0,VAML_,78,.wav
VAML_79.wav,Vox,Training,79,3,6,6,3,0,VAML_,79,.wav
VAML_80.wav,Vox,Training,80,3,6,6,3,0,VAML_,80,.wav
VAML_81.wav,Vox,Training,81,3,6,6,3,0,VAML_,81,.wav
VAML_82.wav,Vox,Training,82,3,6,6,3,0,VAML_,82,.wav
VAML_83.wav,Vox,Training,83,3,6,6,3,0,VAML_,83,.wav
VAML_84.wav,Vox,Training,84,3,6,6,3,0,VAML_,84,.wav
VAML_85.wav,Vox,Training,85,3,6,6,3,0,VAML_,85,.wav
VAML_86.wav,Vox,Training,86,3,6,6,3,0,VAML_,86,.wav
VAML_87.wav,Vox,Training,87,3,6,6,3,0,VAML_,87,.wav
VAML_88.wav,Vox,Training,88,3,6,6,3,0,VAML_,88,.wav
VAML_89.wav,Vox,Training,89,3,6,6,3,0,VAML_,89,.wav
VAML_90.wav,Vox,Training,90,3,6,6,3,0,VAML_,90,.wav
VAML_91.wav,Vox,Training,91,3,6,6,3,0,VAML_,91,.wav
VAML_92.wav,Vox,Training,92,3,6,6,3,0,VAML_,92,.wav
VAML_93.wav,Vox,Training,93,3,6,6,3,0,VAML_,93,.wav
VAML_94.wav,Vox,Training,94,3,6,6,3,0,VAML_,94,.wav
VAML_95.wav,Vox,Training,95,3,6,6,3,0,VAML_,95,.wav
VAML_96.wav,Vox,Training,96,3,6,6,3,0,VAML_,96,.wav
VAML_97.wav,Vox,Training,97,3,6,6,3,0,VAML_,97,.wav
VAML_98.wav,Vox,Training,98,3,6,6,3,0,VAML_,98,.wav
VAML_99.wav,Vox,Training,99,3,6,6,3,0,VAML_,99,.wav
VAML_100.wav,Vox,Training,100,3,6,6,3,0,VAML_,100,.wav
VAML_101.wav,Vox,Training,101,3,6,6,3,0,VAML_,101,.wav
VAML_102.wav,Vox,Training,102,3,6,6,3,0,VAML_,102,.wav
VAML_103.wav,Vox,Training,103,3,6,6,3,0,VAML_,103,.wav
VAML_104.wav,Vox,Training,104,3,6,6,3,0,VAML_,104,.wav
VAML_105.wav,Vox,Training,105,3,6,6,3,0,VAML_,105,.wav
VAML_106.wav,Vox,Training,106,3,6,6,3,0,VAML_,106,.wav
VAML_107.wav,Vox,Training,107,3,6,6,3,0,VAML_,107,.wav
VAML_108.wav,Vox,Training,108,3,6,6,3,0,VAML_,108,.wav
VAML_109.wav,Vox,Training,109,3,6,6,3,0,VAML_,109,.wav
VAML_110.wav,Vox,Training,110,3,6,6,3,0,VAML_,110,.wav
VAML_111.wav,Vox,Training,111,3,6,6,3,0,VAML_,111,.wav
VAML_112.wav,Vox,Training,112,3,6,6,3,0,VAML_,112,.wav
VAML_113.wav,Vox,Training,113,3,6,6,3,0,VAML_,113,.wav
VAML_114.wav,Vox,Training,114,3,6,6,3,0,VAML_,114,.wav
VAML_115.wav,Vox,Training,115,3,6,6,3,0,VAML_,115,.wav
VAML_116.wav,Vox,Training,116,3,6,6,3,0,VAML_,116,.wav
VAML_117.wav,Vox,Training,117,3,6,6,3,0,VAML_,117,.wav
VAML_118.wav,Vox,Training,118,3,6,6,3,0,VAML_,118,.wav
VAML_119.wav,Vox,Training,119,3,6,6,3,0,VAML_,119,.wav
VAML_120.wav,Vox,Training,120,3,6,6,3,0,VAML_,120,.wav
VAML_121.wav,Vox,Training,121,3,6,6,3,0,VAML_,121,.wav
VAML_122.wav,Vox,Training,122,3,6,6,3,0,VAML_,122,.wav
VAML_123.wav,Vox,Training,123,3,6,6,3,0,VAML_,123,.wav
VAML_124.wav,Vox,Training,124,3,6,6,3,0,VAML_,124,.wav
VAML_125.wav,Vox,Training,125,3,6,6,3,0,VAML_,125,.wav
VAML_126.wav,Vox,Training,126,3,6,6,3,0,VAML_,126,.wav
VAML_127.wav,Vox,Training,127,3,6,6,3,0,VAML_,127,.wav
VAML_128.wav,Vox,Training,128,3,6,6,3,0,VAML_,128,.wav
VAML_129.wav,Vox,Training,129,3,6,6,3,0,VAML_,129,.wav
VAML_130.wav,Vox,Training,130,3,6,6,3,0,VAML_,130,.wav
VAML_131.wav,Vox,Training,131,3,6,6,3,0,VAML_,131,.wav
VAML_132.wav,Vox,Training,132,3,6,6,3,0,VAML_,132,.wav
VAML_133.wav,Vox,Training,133,3,6,6,3,0,VAML_,133,.wav
VAML_134.wav,Vox,Training,134,3,6,6,3,0,VAML_,134,.wav
VAML_135.wav,Vox,Training,135,3,6,6,3,0,VAML_,135,.wav
VAML_136.wav,Vox,Training,136,3,6,6,3,0,VAML_,136,.wav
VAML_137.wav,Vox,Training,137,3,6,6,3,0,VAML_,137,.wav
VAML_138.wav,Vox,Training,138,3,6,6,3,0,VAML_,138,.wav
VAML_139.wav,Vox,Training,139,3,6,6,3,0,VAML_,139,.wav
VAML_140.wav,Vox,Training,140,3,6,6,3,0,VAML_,140,.wav
VAML_141.wav,Vox,Training,141,3,6,6,3,0,VAML_,141,.wav
VAML_142.wav,Vox,Training,142,3,6,6,3,0,VAML_,142,.wav
VAML_143.wav,Vox,Training,143,3,6,6,3,0,VAML_,143,.wav
VAML_144.wav,Vox,Training,144,3,6,6,3,0,VAML_,144,.wav
VAML_145.wav,Vox,Training,145,3,6,6,3,0,VAML_,145,.wav
VAML_146.wav,Vox,Training,146,3,6,6,3,0,VAML_,146,.wav
VAML_147.wav,Vox,Training,147,3,6,6,3,0,VAML_,147,.wav
VAML_148.wav,Vox,Training,148,3,6,6,3,0,VAML_,148,.wav
VAML_149.wav,Vox,Training,149,3,6,6,3,0,VAML_,149,.wav
VAML_150.wav,Vox,Training,150,3,6,6,3,0,VAML_,150,.wav
VAML_151.wav,Vox,Training,151,3,6,6,3,0,VAML_,151,.wav
VAML_152.wav,Vox,Training,152,3,6,6,3,0,VAML_,152,.wav
VAML_153.wav,Vox,Training,153,3,6,6,3,0,VAML_,153,.wav
VAML_154.wav,Vox,Training,154,3,6,6,3,0,VAML_,154,.wav
VAML_155.wav,Vox,Training,155,3,6,6,3,0,VAML_,155,.wav
VAML_156.wav,Vox,Training,156,3,6,6,3,0,VAML_,156,.wav
VAML_157.wav,Vox,Training,157,3,6,6,3,0,VAML_,157,.wav
VAML_158.wav,Vox,Training,158,3,6,6,3,0,VAML_,158,.wav
VAML_159.wav,Vox,Training,159,3,6,6,3,0,VAML_,159,.wav
VAML_160.wav,Vox,Training,160,3,6,6,3,0,VAML_,160,.wav
VAML_161.wav,Vox,Training,161,3,6,6,3,0,VAML_,161,.wav
VAML_162.wav,Vox,Training,162,3,6,6,3,0,VAML_,162,.wav
VAML_163.wav,Vox,Training,163,3,6,6,3,0,VAML_,163,.wav
VAML_164.wav,Vox,Training,164,3,6,6,3,0,VAML_,164,.wav
VAML_165.wav,Vox,Training,165,3,6,6,3,0,VAML_,165,.wav
VAML_166.wav,Vox,Training,166,3,6,6,3,0,VAML_,166,.wav
VAML_167.wav,Vox,Training,167,3,6,6,3,0,VAML_,167,.wav
VAML_168.wav,Vox,Training,168,3,6,6,3,0,VAML_,168,.wav
VAML_169.wav,Vox,Training,169,3,6,6,3,0,VAML_,169,.wav
VAML_170.wav,Vox,Training,170,3,6,6,3,0,VAML_,170,.wav
VAML_171.wav,Vox,Training,171,3,6,6,3,0,VAML_,171,.wav
VAML_172.wav,Vox,Training,172,3,6,6,3,0,VAML_,172,.wav
VAML_173.wav,Vox,Training,173,3,6,6,3,0,VAML_,173,.wav
VAML_174.wav,Vox,Training,174,3,6,6,3,0,VAML_,174,.wav
VAML_175.wav,Vox,Training,175,3,6,6,3,0,VAML_,175,.wav
VAML_176.wav,Vox,Training,176,3,6,6,3,0,VAML_,176,.wav
VAML_177.wav,Vox,Training,177,3,6,6,3,0,VAML_,177,.wav
VAML_178.wav,Vox,Training,178,3,6,6,3,0,VAML_,178,.wav
VAML_179.wav,Vox,Training,179,3,6,6,3,0,VAML_,179,.wav
VAML_180.wav,Vox,Training,180,3,6,6,3,0,VAML_,180,.wav
VAML_181.wav,Vox,Training,181,3,6,6,3,0,VAML_,181,.wav
VAML_182.wav,Vox,Training,182,3,6,6,3,0,VAML_,182,.wav
VAML_183.wav,Vox,Training,183,3,6,6,3,0,VAML_,183,.wav
VAML_184.wav,Vox,Training,184,3,6,6,3,0,VAML_,184,.wav
VAML_185.wav,Vox,Training,185,3,6,6,3,0,VAML_,185,.wav
VAML_186.wav,Vox,Training,186,3,6,6,3,0,VAML_,186,.wav
VAML_187.wav,Vox,Training,187,3,6,6,3,0,VAML_,187,.wav
VAML_188.wav,Vox,Training,188,3,6,6,3,0,VAML_,188,.wav
VAML_189.wav,Vox,Training,189,3,6,6,3,0,VAML_,189,.wav
VAML_190.wav,Vox,Training,190,3,6,6,3,0,VAML_,190,.wav
VAML_191.wav,Vox,Training,191,3,6,6,3,0,VAML_,191,.wav
VAML_192.wav,Vox,Training,192,3,6,6,3,0,VAML_,192,.wav
VAML_193.wav,Vox,Training,193,3,6,6,3,0,VAML_,193,.wav
VAML_194.wav,Vox,Training,194,3,6,6,3,0,VAML_,194,.wav
VAML_195.wav,Vox,Training,195,3,6,6,3,0,VAML_,195,.wav
VAML_196.wav,Vox,Training,196,3,6,6,3,0,VAML_,196,.wav
VAML_197.wav,Vox,Training,197,3,6,6,3,0,VAML_,197,.wav
VAML_198.wav,Vox,Training,198,3,6,6,3,0,VAML_,198,.wav
VAML_199.wav,Vox,Training,199,3,6,6,3,0,VAML_,199,.wav
VAML_200.wav,Vox,Training,200,3,6,6,3,0,VAML_,200,.wav
VAML_201.wav,Vox,Training,201,3,6,6,3,0,VAML_,201,.wav
VAML_202.wav,Vox,Training,202,3,6,6,3,0,VAML_,202,.wav
VAML_203.wav,Vox,Training,203,3,6,6,3,0,VAML_,203,.wav
VAML_204.wav,Vox,Training,204,3,6,6,3,0,VAML_,204,.wav
VAML_205.wav,Vox,Training,205,3,6,6,3,0,VAML_,205,.wav
VAML_206.wav,Vox,Training,206,3,6,6,3,0,VAML_,206,.wav
VAML_207.wav,Vox,Training,207,3,6,6,3,0,VAML_,207,.wav
VAML_208.wav,Vox,Training,208,3,6,6,3,0,VAML_,208,.wav
VAML_209.wav,Vox,Training,209,3,6,6,3,0,VAML_,209,.wav
VAML_210.wav,Vox,Training,210,3,6,6,3,0,VAML_,210,.wav
VAML_211.wav,Vox,Training,211,3,6,6,3,0,VAML_,211,.wav
VAML_212.wav,Vox,Training,212,3,6,6,3,0,VAML_,212,.wav
VAML_213.wav,Vox,Training,213,3,6,6,3,0,VAML_,213,.wav
VAML_214.wav,Vox,Training,214,3,6,6,3,0,VAML_,214,.wav
VAML_215.wav,Vox,Training,215,3,6,6,3,0,VAML_,215,.wav
VAML_216.wav,Vox,Training,216,3,6,6,3,0,VAML_,216,.wav
VAML_217.wav,Vox,Training,217,3,6,6,3,0,VAML_,217,.wav
VAML_218.wav,Vox,Training,218,3,6,6,3,0,VAML_,218,.wav
VAML_219.wav,Vox,Training,219,3,6,6,3,0,VAML_,219,.wav
VAML_220.wav,Vox,Training,220,3,6,6,3,0,VAML_,220,.wav
VAML_221.wav,Vox,Training,221,3,6,6,3,0,VAML_,221,.wav
VAML_222.wav,Vox,Training,222,3,6,6,3,0,VAML_,222,.wav
VAML_223.wav,Vox,Training,223,3,6,6,3,0,VAML_,223,.wav
VAML_224.wav,Vox,Training,224,3,6,6,3,0,VAML_,224,.wav
VAML_225.wav,Vox,Training,225,3,6,6,3,0,VAML_,225,.wav
VAML_226.wav,Vox,Training,226,3,6,6,3,0,VAML_,226,.wav
VAML_227.wav,Vox,Validation,1,3,6,6,3,0,VAML_,227,.wav
VAML_228.wav,Vox,Validation,2,3,6,6,3,0,VAML_,228,.wav
VAML_229.wav,Vox,Validation,3,3,6,6,3,0,VAML_,229,.wav
VAML_230.wav,Vox,Validation,4,3,6,6,3,0,VAML_,230,.wav
VAML_231.wav,Vox,Validation,5,3,6,6,3,0,VAML_,231,.wav
VAML_232.wav,Vox,Validation,6,3,6,6,3,0,VAML_,232,.wav
VAML_233.wav,Vox,Validation,7,3,6,6,3,0,VAML_,233,.wav
VAML_234.wav,Vox,Validation,8,3,6,6,3,0,VAML_,234,.wav
VAML_235.wav,Vox,Validation,9,3,6,6,3,0,VAML_,235,.wav
VAML_236.wav,Vox,Validation,10,3,6,6,3,0,VAML_,236,.wav
VAML_237.wav,Vox,Validation,11,3,6,6,3,0,VAML_,237,.wav
VAML_238.wav,Vox,Validation,12,3,6,6,3,0,VAML_,238,.wav
VAML_239.wav,Vox,Validation,13,3,6,6,3,0,VAML_,239,.wav
VAML_240.wav,Vox,Validation,14,3,6,6,3,0,VAML_,240,.wav
VAML_241.wav,Vox,Validation,15,3,6,6,3,0,VAML_,241,.wav
VAML_242.wav,Vox,Validation,16,3,6,6,3,0,VAML_,242,.wav
VAML_243.wav,Vox,Validation,17,3,6,6,3,0,VAML_,243,.wav
VAML_244.wav,Vox,Validation,18,3,6,6,3,0,VAML_,244,.wav
VAML_245.wav,Vox,Validation,19,3,6,6,3,0,VAML_,245,.wav
VAML_246.wav,Vox,Validation,20,3,6,6,3,0,VAML_,246,.wav
VAML_247.wav,Vox,Validation,21,3,6,6,3,0,VAML_,247,.wav
VAML_248.wav,Vox,Validation,22,3,6,6,3,0,VAML_,248,.wav
VAML_249.wav,Vox,Validation,23,3,6,6,3,0,VAML_,249,.wav
VAML_250.wav,Vox,Validation,24,3,6,6,3,0,VAML_,250,.wav
VAML_251.wav,Vox,Validation,25,3,6,6,3,0,VAML_,251,.wav
VAML_252.wav,Vox,Validation,26,3,6,6,3,0,VAML_,252,.wav
VAML_253.wav,Vox,Validation,27,3,6,6,3,0,VAML_,253,.wav
VAML_254.wav,Vox,Validation,28,3,6,6,3,0,VAML_,254,.wav
VAML_255.wav,Vox,Validation,29,3,6,6,3,0,VAML_,255,.wav
VAML_256.wav,Vox,Validation,30,3,6,6,3,0,VAML_,256,.wav
VAML_257.wav,Vox,Validation,31,3,6,6,3,0,VAML_,257,.wav
VAML_258.wav,Vox,Validation,32,3,6,6,3,0,VAML_,258,.wav
VAML_259.wav,Vox,Validation,33,3,6,6,3,0,VAML_,259,.wav
VAML_260.wav,Vox,Validation,34,3,6,6,3,0,VAML_,260,.wav
VAML_261.wav,Vox,Testing,1,3,6,6,3,0,VAML_,261,.wav
VAML_262.wav,Vox,Testing,2,3,6,6,3,0,VAML_,262,.wav
VAML_263.wav,Vox,Testing,3,3,6,6,3,0,VAML_,263,.wav
VAML_264.wav,Vox,Testing,4,3,6,6,3,0,VAML_,264,.wav
VAML_265.wav,Vox,Testing,5,3,6,6,3,0,VAML_,265,.wav
VAML_266.wav,Vox,Testing,6,3,6,6,3,0,VAML_,266,.wav
VAML_267.wav,Vox,Testing,7,3,6,6,3,0,VAML_,267,.wav
VAML_268.wav,Vox,Testing,8,3,6,6,3,0,VAML_,268,.wav
VAML_269.wav,Vox,Testing,9,3,6,6,3,0,VAML_,269,.wav
VAML_270.wav,Vox,Testing,10,3,6,6,3,0,VAML_,270,.wav
VAML_271.wav,Vox,Testing,11,3,6,6,3,0,VAML_,271,.wav
VAML_272.wav,Vox,Testing,12,3,6,6,3,0,VAML_,272,.wav
VAML_273.wav,Vox,Testing,13,3,6,6,3,0,VAML_,273,.wav
VAML_274.wav,Vox,Testing,14,3,6,6,3,0,VAML_,274,.wav
VAML_275.wav,Vox,Testing,15,3,6,6,3,0,VAML_,275,.wav
VAML_276.wav,Vox,Testing,16,3,6,6,3,0,VAML_,276,.wav
VAML_277.wav,Vox,Testing,17,3,6,6,3,0,VAML_,277,.wav
VAML_278.wav,Vox,Testing,18,3,6,6,3,0,VAML_,278,.wav
VAML_279.wav,Vox,Testing,19,3,6,6,3,0,VAML_,279,.wav
VAML_280.wav,Vox,Testing,20,3,6,6,3,0,VAML_,280,.wav
VAML_281.wav,Vox,Testing,21,3,6,6,3,0,VAML_,281,.wav
VAML_282.wav,Vox,Testing,22,3,6,6,3,0,VAML_,282,.wav
VAML_283.wav,Vox,Testing,23,3,6,6,3,0,VAML_,283,.wav
VAML_284.wav,Vox,Testing,24,3,6,6,3,0,VAML_,284,.wav
VAML_285.wav,Vox,Testing,25,3,6,6,3,0,VAML_,285,.wav
VAML_286.wav,Vox,Testing,26,3,6,6,3,0,VAML_,286,.wav
VAML_287.wav,Vox,Testing,27,3,6,6,3,0,VAML_,287,.wav
VAML_288.wav,Vox,Testing,28,3,6,6,3,0,VAML_,288,.wav
VAML_289.wav,Vox,Testing,29,3,6,6,3,0,VAML_,289,.wav
VAML_290.wav,Vox,Testing,30,3,6,6,3,0,VAML_,290,.wav
VAML_291.wav,Vox,Testing,31,3,6,6,3,0,VAML_,291,.wav
VAML_292.wav,Vox,Testing,32,3,6,6,3,0,VAML_,292,.wav
VAML_293.wav,Vox,Testing,33,3,6,6,3,0,VAML_,293,.wav
VAML_294.wav,Vox,Testing,34,3,6,6,3,0,VAML_,294,.wav
VAML_295.wav,Vox,Testing,35,3,6,6,3,0,VAML_,295,.wav
VAML_296.wav,Vox,Testing,36,3,6,6,3,0,VAML_,296,.wav
VAML_297.wav,Vox,Testing,37,3,6,6,3,0,VAML_,297,.wav
VAML_298.wav,Vox,Testing,38,3,6,6,3,0,VAML_,298,.wav
VAML_299.wav,Vox,Testing,39,3,6,6,3,0,VAML_,299,.wav
VAML_300.wav,Vox,Testing,40,3,6,6,3,0,VAML_,300,.wav
VAML_301.wav,Vox,Training,1,6,6,6,3,0,VAML_,301,.wav
VAML_302.wav,Vox,Training,2,6,6,6,3,0,VAML_,302,.wav
VAML_303.wav,Vox,Training,3,6,6,6,3,0,VAML_,303,.wav
VAML_304.wav,Vox,Training,4,6,6,6,3,0,VAML_,304,.wav
VAML_305.wav,Vox,Training,5,6,6,6,3,0,VAML_,305,.wav
VAML_306.wav,Vox,Training,6,6,6,6,3,0,VAML_,306,.wav
VAML_307.wav,Vox,Training,7,6,6,6,3,0,VAML_,307,.wav
VAML_308.wav,Vox,Training,8,6,6,6,3,0,VAML_,308,.wav
VAML_309.wav,Vox,Training,9,6,6,6,3,0,VAML_,309,.wav
VAML_310.wav,Vox,Training,10,6,6,6,3,0,VAML_,310,.wav
VAML_311.wav,Vox,Training,11,6,6,6,3,0,VAML_,311,.wav
VAML_312.wav,Vox,Training,12,6,6,6,3,0,VAML_,312,.wav
VAML_313.wav,Vox,Training,13,6,6,6,3,0,VAML_,313,.wav
VAML_314.wav,Vox,Training,14,6,6,6,3,0,VAML_,314,.wav
VAML_315.wav,Vox,Training,15,6,6,6,3,0,VAML_,315,.wav
VAML_316.wav,Vox,Training,16,6,6,6,3,0,VAML_,316,.wav
VAML_317.wav,Vox,Training,17,6,6,6,3,0,VAML_,317,.wav
VAML_318.wav,Vox,Training,18,6,6,6,3,0,VAML_,318,.wav
VAML_319.wav,Vox,Training,19,6,6,6,3,0,VAML_,319,.wav
VAML_320.wav,Vox,Training,20,6,6,6,3,0,VAML_,320,.wav
VAML_321.wav,Vox,Training,21,6,6,6,3,0,VAML_,321,.wav
VAML_322.wav,Vox,Training,22,6,6,6,3,0,VAML_,322,.wav
VAML_323.wav,Vox,Training,23,6,6,6,3,0,VAML_,323,.wav
VAML_324.wav,Vox,Training,24,6,6,6,3,0,VAML_,324,.wav
VAML_325.wav,Vox,Training,25,6,6,6,3,0,VAML_,325,.wav
VAML_326.wav,Vox,Training,26,6,6,6,3,0,VAML_,326,.wav
VAML_327.wav,Vox,Training,27,6,6,6,3,0,VAML_,327,.wav
VAML_328.wav,Vox,Training,28,6,6,6,3,0,VAML_,328,.wav
VAML_329.wav,Vox,Training,29,6,6,6,3,0,VAML_,329,.wav
VAML_330.wav,Vox,Training,30,6,6,6,3,0,VAML_,330,.wav
VAML_331.wav,Vox,Training,31,6,6,6,3,0,VAML_,331,.wav
VAML_332.wav,Vox,Training,32,6,6,6,3,0,VAML_,332,.wav
VAML_333.wav,Vox,Training,33,6,6,6,3,0,VAML_,333,.wav
VAML_334.wav,Vox,Training,34,6,6,6,3,0,VAML_,334,.wav
VAML_335.wav,Vox,Training,35,6,6,6,3,0,VAML_,335,.wav
VAML_336.wav,Vox,Training,36,6,6,6,3,0,VAML_,336,.wav
VAML_337.wav,Vox,Training,37,6,6,6,3,0,VAML_,337,.wav
VAML_338.wav,Vox,Training,38,6,6,6,3,0,VAML_,338,.wav
VAML_339.wav,Vox,Training,39,6,6,6,3,0,VAML_,339,.wav
VAML_340.wav,Vox,Training,40,6,6,6,3,0,VAML_,340,.wav
VAML_341.wav,Vox,Training,41,6,6,6,3,0,VAML_,341,.wav
VAML_342.wav,Vox,Training,42,6,6,6,3,0,VAML_,342,.wav
VAML_343.wav,Vox,Training,43,6,6,6,3,0,VAML_,343,.wav
VAML_344.wav,Vox,Training,44,6,6,6,3,0,VAML_,344,.wav
VAML_345.wav,Vox,Training,45,6,6,6,3,0,VAML_,345,.wav
VAML_346.wav,Vox,Training,46,6,6,6,3,0,VAML_,346,.wav
VAML_347.wav,Vox,Training,47,6,6,6,3,0,VAML_,347,.wav
VAML_348.wav,Vox,Training,48,6,6,6,3,0,VAML_,348,.wav
VAML_349.wav,Vox,Training,49,6,6,6,3,0,VAML_,349,.wav
VAML_350.wav,Vox,Training,50,6,6,6,3,0,VAML_,350,.wav
VAML_351.wav,Vox,Training,51,6,6,6,3,0,VAML_,351,.wav
VAML_352.wav,Vox,Training,52,6,6,6,3,0,VAML_,352,.wav
VAML_353.wav,Vox,Training,53,6,6,6,3,0,VAML_,353,.wav
VAML_354.wav,Vox,Training,54,6,6,6,3,0,VAML_,354,.wav
VAML_355.wav,Vox,Training,55,6,6,6,3,0,VAML_,355,.wav
VAML_356.wav,Vox,Training,56,6,6,6,3,0,VAML_,356,.wav
VAML_357.wav,Vox,Training,57,6,6,6,3,0,VAML_,357,.wav
VAML_358.wav,Vox,Training,58,6,6,6,3,0,VAML_,358,.wav
VAML_359.wav,Vox,Training,59,6,6,6,3,0,VAML_,359,.wav
VAML_360.wav,Vox,Training,60,6,6,6,3,0,VAML_,360,.wav
VAML_361.wav,Vox,Training,61,6,6,6,3,0,VAML_,361,.wav
VAML_362.wav,Vox,Training,62,6,6,6,3,0,VAML_,362,.wav
VAML_363.wav,Vox,Training,63,6,6,6,3,0,VAML_,363,.wav
VAML_364.wav,Vox,Training,64,6,6,6,3,0,VAML_,364,.wav
VAML_365.wav,Vox,Training,65,6,6,6,3,0,VAML_,365,.wav
VAML_366.wav,Vox,Training,66,6,6,6,3,0,VAML_,366,.wav
VAML_367.wav,Vox,Training,67,6,6,6,3,0,VAML_,367,.wav
VAML_368.wav,Vox,Training,68,6,6,6,3,0,VAML_,368,.wav
VAML_369.wav,Vox,Training,69,6,6,6,3,0,VAML_,369,.wav
VAML_370.wav,Vox,Training,70,6,6,6,3,0,VAML_,370,.wav
VAML_371.wav,Vox,Training,71,6,6,6,3,0,VAML_,371,.wav
VAML_372.wav,Vox,Training,72,6,6,6,3,0,VAML_,372,.wav
VAML_373.wav,Vox,Training,73,6,6,6,3,0,VAML_,373,.wav
VAML_374.wav,Vox,Training,74,6,6,6,3,0,VAML_,374,.wav
VAML_375.wav,Vox,Training,75,6,6,6,3,0,VAML_,375,.wav
VAML_376.wav,Vox,Training,76,6,6,6,3,0,VAML_,376,.wav
VAML_377.wav,Vox,Training,77,6,6,6,3,0,VAML_,377,.wav
VAML_378.wav,Vox,Training,78,6,6,6,3,0,VAML_,378,.wav
VAML_379.wav,Vox,Training,79,6,6,6,3,0,VAML_,379,.wav
VAML_380.wav,Vox,Training,80,6,6,6,3,0,VAML_,380,.wav
VAML_381.wav,Vox,Training,81,6,6,6,3,0,VAML_,381,.wav
VAML_382.wav,Vox,Training,82,6,6,6,3,0,VAML_,382,.wav
VAML_383.wav,Vox,Training,83,6,6,6,3,0,VAML_,383,.wav
VAML_384.wav,Vox,Training,84,6,6,6,3,0,VAML_,384,.wav
VAML_385.wav,Vox,Training,85,6,6,6,3,0,VAML_,385,.wav
VAML_386.wav,Vox,Training,86,6,6,6,3,0,VAML_,386,.wav
VAML_387.wav,Vox,Training,87,6,6,6,3,0,VAML_,387,.wav
VAML_388.wav,Vox,Training,88,6,6,6,3,0,VAML_,388,.wav
VAML_389.wav,Vox,Training,89,6,6,6,3,0,VAML_,389,.wav
VAML_390.wav,Vox,Training,90,6,6,6,3,0,VAML_,390,.wav
VAML_391.wav,Vox,Training,91,6,6,6,3,0,VAML_,391,.wav
VAML_392.wav,Vox,Training,92,6,6,6,3,0,VAML_,392,.wav
VAML_393.wav,Vox,Training,93,6,6,6,3,0,VAML_,393,.wav
VAML_394.wav,Vox,Training,94,6,6,6,3,0,VAML_,394,.wav
VAML_395.wav,Vox,Training,95,6,6,6,3,0,VAML_,395,.wav
VAML_396.wav,Vox,Training,96,6,6,6,3,0,VAML_,396,.wav
VAML_397.wav,Vox,Training,97,6,6,6,3,0,VAML_,397,.wav
VAML_398.wav,Vox,Training,98,6,6,6,3,0,VAML_,398,.wav
VAML_399.wav,Vox,Training,99,6,6,6,3,0,VAML_,399,.wav
VAML_400.wav,Vox,Training,100,6,6,6,3,0,VAML_,400,.wav
VAML_401.wav,Vox,Training,101,6,6,6,3,0,VAML_,401,.wav
VAML_402.wav,Vox,Training,102,6,6,6,3,0,VAML_,402,.wav
VAML_403.wav,Vox,Training,103,6,6,6,3,0,VAML_,403,.wav
VAML_404.wav,Vox,Training,104,6,6,6,3,0,VAML_,404,.wav
VAML_405.wav,Vox,Training,105,6,6,6,3,0,VAML_,405,.wav
VAML_406.wav,Vox,Training,106,6,6,6,3,0,VAML_,406,.wav
VAML_407.wav,Vox,Training,107,6,6,6,3,0,VAML_,407,.wav
VAML_408.wav,Vox,Training,108,6,6,6,3,0,VAML_,408,.wav
VAML_409.wav,Vox,Training,109,6,6,6,3,0,VAML_,409,.wav
VAML_410.wav,Vox,Training,110,6,6,6,3,0,VAML_,410,.wav
VAML_411.wav,Vox,Training,111,6,6,6,3,0,VAML_,411,.wav
VAML_412.wav,Vox,Training,112,6,6,6,3,0,VAML_,412,.wav
VAML_413.wav,Vox,Training,113,6,6,6,3,0,VAML_,413,.wav
VAML_414.wav,Vox,Training,114,6,6,6,3,0,VAML_,414,.wav
VAML_415.wav,Vox,Training,115,6,6,6,3,0,VAML_,415,.wav
VAML_416.wav,Vox,Training,116,6,6,6,3,0,VAML_,416,.wav
VAML_417.wav,Vox,Training,117,6,6,6,3,0,VAML_,417,.wav
VAML_418.wav,Vox,Training,118,6,6,6,3,0,VAML_,418,.wav
VAML_419.wav,Vox,Training,119,6,6,6,3,0,VAML_,419,.wav
VAML_420.wav,Vox,Training,120,6,6,6,3,0,VAML_,420,.wav
VAML_421.wav,Vox,Training,121,6,6,6,3,0,VAML_,421,.wav
VAML_422.wav,Vox,Training,122,6,6,6,3,0,VAML_,422,.wav
VAML_423.wav,Vox,Training,123,6,6,6,3,0,VAML_,423,.wav
VAML_424.wav,Vox,Training,124,6,6,6,3,0,VAML_,424,.wav
VAML_425.wav,Vox,Training,125,6,6,6,3,0,VAML_,425,.wav
VAML_426.wav,Vox,Training,126,6,6,6,3,0,VAML_,426,.wav
VAML_427.wav,Vox,Training,127,6,6,6,3,0,VAML_,427,.wav
VAML_428.wav,Vox,Training,128,6,6,6,3,0,VAML_,428,.wav
VAML_429.wav,Vox,Training,129,6,6,6,3,0,VAML_,429,.wav
VAML_430.wav,Vox,Training,130,6,6,6,3,0,VAML_,430,.wav
VAML_431.wav,Vox,Training,131,6,6,6,3,0,VAML_,431,.wav
VAML_432.wav,Vox,Training,132,6,6,6,3,0,VAML_,432,.wav
VAML_433.wav,Vox,Training,133,6,6,6,3,0,VAML_,433,.wav
VAML_434.wav,Vox,Training,134,6,6,6,3,0,VAML_,434,.wav
VAML_435.wav,Vox,Training,135,6,6,6,3,0,VAML_,435,.wav
VAML_436.wav,Vox,Training,136,6,6,6,3,0,VAML_,436,.wav
VAML_437.wav,Vox,Training,137,6,6,6,3,0,VAML_,437,.wav
VAML_438.wav,Vox,Training,138,6,6,6,3,0,VAML_,438,.wav
VAML_439.wav,Vox,Training,139,6,6,6,3,0,VAML_,439,.wav
VAML_440.wav,Vox,Training,140,6,6,6,3,0,VAML_,440,.wav
VAML_441.wav,Vox,Training,141,6,6,6,3,0,VAML_,441,.wav
VAML_442.wav,Vox,Training,142,6,6,6,3,0,VAML_,442,.wav
VAML_443.wav,Vox,Training,143,6,6,6,3,0,VAML_,443,.wav
VAML_444.wav,Vox,Training,144,6,6,6,3,0,VAML_,444,.wav
VAML_445.wav,Vox,Training,145,6,6,6,3,0,VAML_,445,.wav
VAML_446.wav,Vox,Training,146,6,6,6,3,0,VAML_,446,.wav
VAML_447.wav,Vox,Training,147,6,6,6,3,0,VAML_,447,.wav
VAML_448.wav,Vox,Training,148,6,6,6,3,0,VAML_,448,.wav
VAML_449.wav,Vox,Training,149,6,6,6,3,0,VAML_,449,.wav
VAML_450.wav,Vox,Training,150,6,6,6,3,0,VAML_,450,.wav
VAML_451.wav,Vox,Training,151,6,6,6,3,0,VAML_,451,.wav
VAML_452.wav,Vox,Training,152,6,6,6,3,0,VAML_,452,.wav
VAML_453.wav,Vox,Training,153,6,6,6,3,0,VAML_,453,.wav
VAML_454.wav,Vox,Training,154,6,6,6,3,0,VAML_,454,.wav
VAML_455.wav,Vox,Training,155,6,6,6,3,0,VAML_,455,.wav
VAML_456.wav,Vox,Training,156,6,6,6,3,0,VAML_,456,.wav
VAML_457.wav,Vox,Training,157,6,6,6,3,0,VAML_,457,.wav
VAML_458.wav,Vox,Training,158,6,6,6,3,0,VAML_,458,.wav
VAML_459.wav,Vox,Training,159,6,6,6,3,0,VAML_,459,.wav
VAML_460.wav,Vox,Training,160,6,6,6,3,0,VAML_,460,.wav
VAML_461.wav,Vox,Training,161,6,6,6,3,0,VAML_,461,.wav
VAML_462.wav,Vox,Training,162,6,6,6,3,0,VAML_,462,.wav
VAML_463.wav,Vox,Training,163,6,6,6,3,0,VAML_,463,.wav
VAML_464.wav,Vox,Training,164,6,6,6,3,0,VAML_,464,.wav
VAML_465.wav,Vox,Training,165,6,6,6,3,0,VAML_,465,.wav
VAML_466.wav,Vox,Training,166,6,6,6,3,0,VAML_,466,.wav
VAML_467.wav,Vox,Training,167,6,6,6,3,0,VAML_,467,.wav
VAML_468.wav,Vox,Training,168,6,6,6,3,0,VAML_,468,.wav
VAML_469.wav,Vox,Training,169,6,6,6,3,0,VAML_,469,.wav
VAML_470.wav,Vox,Training,170,6,6,6,3,0,VAML_,470,.wav
VAML_471.wav,Vox,Training,171,6,6,6,3,0,VAML_,471,.wav
VAML_472.wav,Vox,Training,172,6,6,6,3,0,VAML_,472,.wav
VAML_473.wav,Vox,Training,173,6,6,6,3,0,VAML_,473,.wav
VAML_474.wav,Vox,Training,174,6,6,6,3,0,VAML_,474,.wav
VAML_475.wav,Vox,Training,175,6,6,6,3,0,VAML_,475,.wav
VAML_476.wav,Vox,Training,176,6,6,6,3,0,VAML_,476,.wav
VAML_477.wav,Vox,Training,177,6,6,6,3,0,VAML_,477,.wav
VAML_478.wav,Vox,Training,178,6,6,6,3,0,VAML_,478,.wav
VAML_479.wav,Vox,Training,179,6,6,6,3,0,VAML_,479,.wav
VAML_480.wav,Vox,Training,180,6,6,6,3,0,VAML_,480,.wav
VAML_481.wav,Vox,Training,181,6,6,6,3,0,VAML_,481,.wav
VAML_482.wav,Vox,Training,182,6,6,6,3,0,VAML_,482,.wav
VAML_483.wav,Vox,Training,183,6,6,6,3,0,VAML_,483,.wav
VAML_484.wav,Vox,Training,184,6,6,6,3,0,VAML_,484,.wav
VAML_485.wav,Vox,Training,185,6,6,6,3,0,VAML_,485,.wav
VAML_486.wav,Vox,Training,186,6,6,6,3,0,VAML_,486,.wav
VAML_487.wav,Vox,Training,187,6,6,6,3,0,VAML_,487,.wav
VAML_488.wav,Vox,Training,188,6,6,6,3,0,VAML_,488,.wav
VAML_489.wav,Vox,Training,189,6,6,6,3,0,VAML_,489,.wav
VAML_490.wav,Vox,Training,190,6,6,6,3,0,VAML_,490,.wav
VAML_491.wav,Vox,Training,191,6,6,6,3,0,VAML_,491,.wav
VAML_492.wav,Vox,Training,192,6,6,6,3,0,VAML_,492,.wav
VAML_493.wav,Vox,Training,193,6,6,6,3,0,VAML_,493,.wav
VAML_494.wav,Vox,Training,194,6,6,6,3,0,VAML_,494,.wav
VAML_495.wav,Vox,Training,195,6,6,6,3,0,VAML_,495,.wav
VAML_496.wav,Vox,Training,196,6,6,6,3,0,VAML_,496,.wav
VAML_497.wav,Vox,Training,197,6,6,6,3,0,VAML_,497,.wav
VAML_498.wav,Vox,Training,198,6,6,6,3,0,VAML_,498,.wav
VAML_499.wav,Vox,Training,199,6,6,6,3,0,VAML_,499,.wav
VAML_500.wav,Vox,Training,200,6,6,6,3,0,VAML_,500,.wav
VAML_501.wav,Vox,Training,201,6,6,6,3,0,VAML_,501,.wav
VAML_502.wav,Vox,Training,202,6,6,6,3,0,VAML_,502,.wav
VAML_503.wav,Vox,Training,203,6,6,6,3,0,VAML_,503,.wav
VAML_504.wav,Vox,Training,204,6,6,6,3,0,VAML_,504,.wav
VAML_505.wav,Vox,Training,205,6,6,6,3,0,VAML_,505,.wav
VAML_506.wav,Vox,Training,206,6,6,6,3,0,VAML_,506,.wav
VAML_507.wav,Vox,Training,207,6,6,6,3,0,VAML_,507,.wav
VAML_508.wav,Vox,Training,208,6,6,6,3,0,VAML_,508,.wav
VAML_509.wav,Vox,Training,209,6,6,6,3,0,VAML_,509,.wav
VAML_510.wav,Vox,Training,210,6,6,6,3,0,VAML_,510,.wav
VAML_511.wav,Vox,Training,211,6,6,6,3,0,VAML_,511,.wav
VAML_512.wav,Vox,Training,212,6,6,6,3,0,VAML_,512,.wav
VAML_513.wav,Vox,Training,213,6,6,6,3,0,VAML_,513,.wav
VAML_514.wav,Vox,Training,214,6,6,6,3,0,VAML_,514,.wav
VAML_515.wav,Vox,Training,215,6,6,6,3,0,VAML_,515,.wav
VAML_516.wav,Vox,Training,216,6,6,6,3,0,VAML_,516,.wav
VAML_517.wav,Vox,Training,217,6,6,6,3,0,VAML_,517,.wav
VAML_518.wav,Vox,Training,218,6,6,6,3,0,VAML_,518,.wav
VAML_519.wav,Vox,Training,219,6,6,6,3,0,VAML_,519,.wav
VAML_520.wav,Vox,Training,220,6,6,6,3,0,VAML_,520,.wav
VAML_521.wav,Vox,Training,221,6,6,6,3,0,VAML_,521,.wav
VAML_522.wav,Vox,Training,222,6,6,6,3,0,VAML_,522,.wav
VAML_523.wav,Vox,Training,223,6,6,6,3,0,VAML_,523,.wav
VAML_524.wav,Vox,Training,224,6,6,6,3,0,VAML_,524,.wav
VAML_525.wav,Vox,Training,225,6,6,6,3,0,VAML_,525,.wav
VAML_526.wav,Vox,Training,226,6,6,6,3,0,VAML_,526,.wav
VAML_527.wav,Vox,Validation,1,6,6,6,3,0,VAML_,527,.wav
VAML_528.wav,Vox,Validation,2,6,6,6,3,0,VAML_,528,.wav
VAML_529.wav,Vox,Validation,3,6,6,6,3,0,VAML_,529,.wav
VAML_530.wav,Vox,Validation,4,6,6,6,3,0,VAML_,530,.wav
VAML_531.wav,Vox,Validation,5,6,6,6,3,0,VAML_,531,.wav
VAML_532.wav,Vox,Validation,6,6,6,6,3,0,VAML_,532,.wav
VAML_533.wav,Vox,Validation,7,6,6,6,3,0,VAML_,533,.wav
VAML_534.wav,Vox,Validation,8,6,6,6,3,0,VAML_,534,.wav
VAML_535.wav,Vox,Validation,9,6,6,6,3,0,VAML_,535,.wav
VAML_536.wav,Vox,Validation,10,6,6,6,3,0,VAML_,536,.wav
VAML_537.wav,Vox,Validation,11,6,6,6,3,0,VAML_,537,.wav
VAML_538.wav,Vox,Validation,12,6,6,6,3,0,VAML_,538,.wav
VAML_539.wav,Vox,Validation,13,6,6,6,3,0,VAML_,539,.wav
VAML_540.wav,Vox,Validation,14,6,6,6,3,0,VAML_,540,.wav
VAML_541.wav,Vox,Validation,15,6,6,6,3,0,VAML_,541,.wav
VAML_542.wav,Vox,Validation,16,6,6,6,3,0,VAML_,542,.wav
VAML_543.wav,Vox,Validation,17,6,6,6,3,0,VAML_,543,.wav
VAML_544.wav,Vox,Validation,18,6,6,6,3,0,VAML_,544,.wav
VAML_545.wav,Vox,Validation,19,6,6,6,3,0,VAML_,545,.wav
VAML_546.wav,Vox,Validation,20,6,6,6,3,0,VAML_,546,.wav
VAML_547.wav,Vox,Validation,21,6,6,6,3,0,VAML_,547,.wav
VAML_548.wav,Vox,Validation,22,6,6,6,3,0,VAML_,548,.wav
VAML_549.wav,Vox,Validation,23,6,6,6,3,0,VAML_,549,.wav
VAML_550.wav,Vox,Validation,24,6,6,6,3,0,VAML_,550,.wav
VAML_551.wav,Vox,Validation,25,6,6,6,3,0,VAML_,551,.wav
VAML_552.wav,Vox,Validation,26,6,6,6,3,0,VAML_,552,.wav
VAML_553.wav,Vox,Validation,27,6,6,6,3,0,VAML_,553,.wav
VAML_554.wav,Vox,Validation,28,6,6,6,3,0,VAML_,554,.wav
VAML_555.wav,Vox,Validation,29,6,6,6,3,0,VAML_,555,.wav
VAML_556.wav,Vox,Validation,30,6,6,6,3,0,VAML_,556,.wav
VAML_557.wav,Vox,Validation,31,6,6,6,3,0,VAML_,557,.wav
VAML_558.wav,Vox,Validation,32,6,6,6,3,0,VAML_,558,.wav
VAML_559.wav,Vox,Validation,33,6,6,6,3,0,VAML_,559,.wav
VAML_560.wav,Vox,Validation,34,6,6,6,3,0,VAML_,560,.wav
VAML_561.wav,Vox,Testing,1,6,6,6,3,0,VAML_,561,.wav
VAML_562.wav,Vox,Testing,2,6,6,6,3,0,VAML_,562,.wav
VAML_563.wav,Vox,Testing,3,6,6,6,3,0,VAML_,563,.wav
VAML_564.wav,Vox,Testing,4,6,6,6,3,0,VAML_,564,.wav
VAML_565.wav,Vox,Testing,5,6,6,6,3,0,VAML_,565,.wav
VAML_566.wav,Vox,Testing,6,6,6,6,3,0,VAML_,566,.wav
VAML_567.wav,Vox,Testing,7,6,6,6,3,0,VAML_,567,.wav
VAML_568.wav,Vox,Testing,8,6,6,6,3,0,VAML_,568,.wav
VAML_569.wav,Vox,Testing,9,6,6,6,3,0,VAML_,569,.wav
VAML_570.wav,Vox,Testing,10,6,6,6,3,0,VAML_,570,.wav
VAML_571.wav,Vox,Testing,11,6,6,6,3,0,VAML_,571,.wav
VAML_572.wav,Vox,Testing,12,6,6,6,3,0,VAML_,572,.wav
VAML_573.wav,Vox,Testing,13,6,6,6,3,0,VAML_,573,.wav
VAML_574.wav,Vox,Testing,14,6,6,6,3,0,VAML_,574,.wav
VAML_575.wav,Vox,Testing,15,6,6,6,3,0,VAML_,575,.wav
VAML_576.wav,Vox,Testing,16,6,6,6,3,0,VAML_,576,.wav
VAML_577.wav,Vox,Testing,17,6,6,6,3,0,VAML_,577,.wav
VAML_578.wav,Vox,Testing,18,6,6,6,3,0,VAML_,578,.wav
VAML_579.wav,Vox,Testing,19,6,6,6,3,0,VAML_,579,.wav
VAML_580.wav,Vox,Testing,20,6,6,6,3,0,VAML_,580,.wav
VAML_581.wav,Vox,Testing,21,6,6,6,3,0,VAML_,581,.wav
VAML_582.wav,Vox,Testing,22,6,6,6,3,0,VAML_,582,.wav
VAML_583.wav,Vox,Testing,23,6,6,6,3,0,VAML_,583,.wav
VAML_584.wav,Vox,Testing,24,6,6,6,3,0,VAML_,584,.wav
VAML_585.wav,Vox,Testing,25,6,6,6,3,0,VAML_,585,.wav
VAML_586.wav,Vox,Testing,26,6,6,6,3,0,VAML_,586,.wav
VAML_587.wav,Vox,Testing,27,6,6,6,3,0,VAML_,587,.wav
VAML_588.wav,Vox,Testing,28,6,6,6,3,0,VAML_,588,.wav
VAML_589.wav,Vox,Testing,29,6,6,6,3,0,VAML_,589,.wav
VAML_590.wav,Vox,Testing,30,6,6,6,3,0,VAML_,590,.wav
VAML_591.wav,Vox,Testing,31,6,6,6,3,0,VAML_,591,.wav
VAML_592.wav,Vox,Testing,32,6,6,6,3,0,VAML_,592,.wav
VAML_593.wav,Vox,Testing,33,6,6,6,3,0,VAML_,593,.wav
VAML_594.wav,Vox,Testing,34,6,6,6,3,0,VAML_,594,.wav
VAML_595.wav,Vox,Testing,35,6,6,6,3,0,VAML_,595,.wav
VAML_596.wav,Vox,Testing,36,6,6,6,3,0,VAML_,596,.wav
VAML_597.wav,Vox,Testing,37,6,6,6,3,0,VAML_,597,.wav
VAML_598.wav,Vox,Testing,38,6,6,6,3,0,VAML_,598,.wav
VAML_599.wav,Vox,Testing,39,6,6,6,3,0,VAML_,599,.wav
VAML_600.wav,Vox,Training,1,9,6,6,3,0,VAML_,600,.wav
VAML_601.wav,Vox,Training,2,9,6,6,3,0,VAML_,601,.wav
VAML_602.wav,Vox,Training,3,9,6,6,3,0,VAML_,602,.wav
VAML_603.wav,Vox,Training,4,9,6,6,3,0,VAML_,603,.wav
VAML_604.wav,Vox,Training,5,9,6,6,3,0,VAML_,604,.wav
VAML_605.wav,Vox,Training,6,9,6,6,3,0,VAML_,605,.wav
VAML_606.wav,Vox,Training,7,9,6,6,3,0,VAML_,606,.wav
VAML_607.wav,Vox,Training,8,9,6,6,3,0,VAML_,607,.wav
VAML_608.wav,Vox,Training,9,9,6,6,3,0,VAML_,608,.wav
VAML_609.wav,Vox,Training,10,9,6,6,3,0,VAML_,609,.wav
VAML_610.wav,Vox,Training,11,9,6,6,3,0,VAML_,610,.wav
VAML_611.wav,Vox,Training,12,9,6,6,3,0,VAML_,611,.wav
VAML_612.wav,Vox,Training,13,9,6,6,3,0,VAML_,612,.wav
VAML_613.wav,Vox,Training,14,9,6,6,3,0,VAML_,613,.wav
VAML_614.wav,Vox,Training,15,9,6,6,3,0,VAML_,614,.wav
VAML_615.wav,Vox,Training,16,9,6,6,3,0,VAML_,615,.wav
VAML_616.wav,Vox,Training,17,9,6,6,3,0,VAML_,616,.wav
VAML_617.wav,Vox,Training,18,9,6,6,3,0,VAML_,617,.wav
VAML_618.wav,Vox,Training,19,9,6,6,3,0,VAML_,618,.wav
VAML_619.wav,Vox,Training,20,9,6,6,3,0,VAML_,619,.wav
VAML_620.wav,Vox,Training,21,9,6,6,3,0,VAML_,620,.wav
VAML_621.wav,Vox,Training,22,9,6,6,3,0,VAML_,621,.wav
VAML_622.wav,Vox,Training,23,9,6,6,3,0,VAML_,622,.wav
VAML_623.wav,Vox,Training,24,9,6,6,3,0,VAML_,623,.wav
VAML_624.wav,Vox,Training,25,9,6,6,3,0,VAML_,624,.wav
VAML_625.wav,Vox,Training,26,9,6,6,3,0,VAML_,625,.wav
VAML_626.wav,Vox,Training,27,9,6,6,3,0,VAML_,626,.wav
VAML_627.wav,Vox,Training,28,9,6,6,3,0,VAML_,627,.wav
VAML_628.wav,Vox,Training,29,9,6,6,3,0,VAML_,628,.wav
VAML_629.wav,Vox,Training,30,9,6,6,3,0,VAML_,629,.wav
VAML_630.wav,Vox,Training,31,9,6,6,3,0,VAML_,630,.wav
VAML_631.wav,Vox,Training,32,9,6,6,3,0,VAML_,631,.wav
VAML_632.wav,Vox,Training,33,9,6,6,3,0,VAML_,632,.wav
VAML_633.wav,Vox,Training,34,9,6,6,3,0,VAML_,633,.wav
VAML_634.wav,Vox,Training,35,9,6,6,3,0,VAML_,634,.wav
VAML_635.wav,Vox,Training,36,9,6,6,3,0,VAML_,635,.wav
VAML_636.wav,Vox,Training,37,9,6,6,3,0,VAML_,636,.wav
VAML_637.wav,Vox,Training,38,9,6,6,3,0,VAML_,637,.wav
VAML_638.wav,Vox,Training,39,9,6,6,3,0,VAML_,638,.wav
VAML_639.wav,Vox,Training,40,9,6,6,3,0,VAML_,639,.wav
VAML_640.wav,Vox,Training,41,9,6,6,3,0,VAML_,640,.wav
VAML_641.wav,Vox,Training,42,9,6,6,3,0,VAML_,641,.wav
VAML_642.wav,Vox,Training,43,9,6,6,3,0,VAML_,642,.wav
VAML_643.wav,Vox,Training,44,9,6,6,3,0,VAML_,643,.wav
VAML_644.wav,Vox,Training,45,9,6,6,3,0,VAML_,644,.wav
VAML_645.wav,Vox,Training,46,9,6,6,3,0,VAML_,645,.wav
VAML_646.wav,Vox,Training,47,9,6,6,3,0,VAML_,646,.wav
VAML_647.wav,Vox,Training,48,9,6,6,3,0,VAML_,647,.wav
VAML_648.wav,Vox,Training,49,9,6,6,3,0,VAML_,648,.wav
VAML_649.wav,Vox,Training,50,9,6,6,3,0,VAML_,649,.wav
VAML_650.wav,Vox,Training,51,9,6,6,3,0,VAML_,650,.wav
VAML_651.wav,Vox,Training,52,9,6,6,3,0,VAML_,651,.wav
VAML_652.wav,Vox,Training,53,9,6,6,3,0,VAML_,652,.wav
VAML_653.wav,Vox,Training,54,9,6,6,3,0,VAML_,653,.wav
VAML_654.wav,Vox,Training,55,9,6,6,3,0,VAML_,654,.wav
VAML_655.wav,Vox,Training,56,9,6,6,3,0,VAML_,655,.wav
VAML_656.wav,Vox,Training,57,9,6,6,3,0,VAML_,656,.wav
VAML_657.wav,Vox,Training,58,9,6,6,3,0,VAML_,657,.wav
VAML_658.wav,Vox,Training,59,9,6,6,3,0,VAML_,658,.wav
VAML_659.wav,Vox,Training,60,9,6,6,3,0,VAML_,659,.wav
VAML_660.wav,Vox,Training,61,9,6,6,3,0,VAML_,660,.wav
VAML_661.wav,Vox,Training,62,9,6,6,3,0,VAML_,661,.wav
VAML_662.wav,Vox,Training,63,9,6,6,3,0,VAML_,662,.wav
VAML_663.wav,Vox,Training,64,9,6,6,3,0,VAML_,663,.wav
VAML_664.wav,Vox,Training,65,9,6,6,3,0,VAML_,664,.wav
VAML_665.wav,Vox,Training,66,9,6,6,3,0,VAML_,665,.wav
VAML_666.wav,Vox,Training,67,9,6,6,3,0,VAML_,666,.wav
VAML_667.wav,Vox,Training,68,9,6,6,3,0,VAML_,667,.wav
VAML_668.wav,Vox,Training,69,9,6,6,3,0,VAML_,668,.wav
VAML_669.wav,Vox,Training,70,9,6,6,3,0,VAML_,669,.wav
VAML_670.wav,Vox,Training,71,9,6,6,3,0,VAML_,670,.wav
VAML_671.wav,Vox,Training,72,9,6,6,3,0,VAML_,671,.wav
VAML_672.wav,Vox,Training,73,9,6,6,3,0,VAML_,672,.wav
VAML_673.wav,Vox,Training,74,9,6,6,3,0,VAML_,673,.wav
VAML_674.wav,Vox,Training,75,9,6,6,3,0,VAML_,674,.wav
VAML_675.wav,Vox,Training,76,9,6,6,3,0,VAML_,675,.wav
VAML_676.wav,Vox,Training,77,9,6,6,3,0,VAML_,676,.wav
VAML_677.wav,Vox,Training,78,9,6,6,3,0,VAML_,677,.wav
VAML_678.wav,Vox,Training,79,9,6,6,3,0,VAML_,678,.wav
VAML_679.wav,Vox,Training,80,9,6,6,3,0,VAML_,679,.wav
VAML_680.wav,Vox,Training,81,9,6,6,3,0,VAML_,680,.wav
VAML_681.wav,Vox,Training,82,9,6,6,3,0,VAML_,681,.wav
VAML_682.wav,Vox,Training,83,9,6,6,3,0,VAML_,682,.wav
VAML_683.wav,Vox,Training,84,9,6,6,3,0,VAML_,683,.wav
VAML_684.wav,Vox,Training,85,9,6,6,3,0,VAML_,684,.wav
VAML_685.wav,Vox,Training,86,9,6,6,3,0,VAML_,685,.wav
VAML_686.wav,Vox,Training,87,9,6,6,3,0,VAML_,686,.wav
VAML_687.wav,Vox,Training,88,9,6,6,3,0,VAML_,687,.wav
VAML_688.wav,Vox,Training,89,9,6,6,3,0,VAML_,688,.wav
VAML_689.wav,Vox,Training,90,9,6,6,3,0,VAML_,689,.wav
VAML_690.wav,Vox,Training,91,9,6,6,3,0,VAML_,690,.wav
VAML_691.wav,Vox,Training,92,9,6,6,3,0,VAML_,691,.wav
VAML_692.wav,Vox,Training,93,9,6,6,3,0,VAML_,692,.wav
VAML_693.wav,Vox,Training,94,9,6,6,3,0,VAML_,693,.wav
VAML_694.wav,Vox,Training,95,9,6,6,3,0,VAML_,694,.wav
VAML_695.wav,Vox,Training,96,9,6,6,3,0,VAML_,695,.wav
VAML_696.wav,Vox,Training,97,9,6,6,3,0,VAML_,696,.wav
VAML_697.wav,Vox,Training,98,9,6,6,3,0,VAML_,697,.wav
VAML_698.wav,Vox,Training,99,9,6,6,3,0,VAML_,698,.wav
VAML_699.wav,Vox,Training,100,9,6,6,3,0,VAML_,699,.wav
VAML_700.wav,Vox,Training,101,9,6,6,3,0,VAML_,700,.wav
VAML_701.wav,Vox,Training,102,9,6,6,3,0,VAML_,701,.wav
VAML_702.wav,Vox,Training,103,9,6,6,3,0,VAML_,702,.wav
VAML_703.wav,Vox,Training,104,9,6,6,3,0,VAML_,703,.wav
VAML_704.wav,Vox,Training,105,9,6,6,3,0,VAML_,704,.wav
VAML_705.wav,Vox,Training,106,9,6,6,3,0,VAML_,705,.wav
VAML_706.wav,Vox,Training,107,9,6,6,3,0,VAML_,706,.wav
VAML_707.wav,Vox,Training,108,9,6,6,3,0,VAML_,707,.wav
VAML_708.wav,Vox,Training,109,9,6,6,3,0,VAML_,708,.wav
VAML_709.wav,Vox,Training,110,9,6,6,3,0,VAML_,709,.wav
VAML_710.wav,Vox,Training,111,9,6,6,3,0,VAML_,710,.wav
VAML_711.wav,Vox,Training,112,9,6,6,3,0,VAML_,711,.wav
VAML_712.wav,Vox,Training,113,9,6,6,3,0,VAML_,712,.wav
VAML_713.wav,Vox,Training,114,9,6,6,3,0,VAML_,713,.wav
VAML_714.wav,Vox,Training,115,9,6,6,3,0,VAML_,714,.wav
VAML_715.wav,Vox,Training,116,9,6,6,3,0,VAML_,715,.wav
VAML_716.wav,Vox,Training,117,9,6,6,3,0,VAML_,716,.wav
VAML_717.wav,Vox,Training,118,9,6,6,3,0,VAML_,717,.wav
VAML_718.wav,Vox,Training,119,9,6,6,3,0,VAML_,718,.wav
VAML_719.wav,Vox,Training,120,9,6,6,3,0,VAML_,719,.wav
VAML_720.wav,Vox,Training,121,9,6,6,3,0,VAML_,720,.wav
VAML_721.wav,Vox,Training,122,9,6,6,3,0,VAML_,721,.wav
VAML_722.wav,Vox,Training,123,9,6,6,3,0,VAML_,722,.wav
VAML_723.wav,Vox,Training,124,9,6,6,3,0,VAML_,723,.wav
VAML_724.wav,Vox,Training,125,9,6,6,3,0,VAML_,724,.wav
VAML_725.wav,Vox,Training,126,9,6,6,3,0,VAML_,725,.wav
VAML_726.wav,Vox,Training,127,9,6,6,3,0,VAML_,726,.wav
VAML_727.wav,Vox,Training,128,9,6,6,3,0,VAML_,727,.wav
VAML_728.wav,Vox,Training,129,9,6,6,3,0,VAML_,728,.wav
VAML_729.wav,Vox,Training,130,9,6,6,3,0,VAML_,729,.wav
VAML_730.wav,Vox,Training,131,9,6,6,3,0,VAML_,730,.wav
VAML_731.wav,Vox,Training,132,9,6,6,3,0,VAML_,731,.wav
VAML_732.wav,Vox,Training,133,9,6,6,3,0,VAML_,732,.wav
VAML_733.wav,Vox,Training,134,9,6,6,3,0,VAML_,733,.wav
VAML_734.wav,Vox,Training,135,9,6,6,3,0,VAML_,734,.wav
VAML_735.wav,Vox,Training,136,9,6,6,3,0,VAML_,735,.wav
VAML_736.wav,Vox,Training,137,9,6,6,3,0,VAML_,736,.wav
VAML_737.wav,Vox,Training,138,9,6,6,3,0,VAML_,737,.wav
VAML_738.wav,Vox,Training,139,9,6,6,3,0,VAML_,738,.wav
VAML_739.wav,Vox,Training,140,9,6,6,3,0,VAML_,739,.wav
VAML_740.wav,Vox,Training,141,9,6,6,3,0,VAML_,740,.wav
VAML_741.wav,Vox,Training,142,9,6,6,3,0,VAML_,741,.wav
VAML_742.wav,Vox,Training,143,9,6,6,3,0,VAML_,742,.wav
VAML_743.wav,Vox,Training,144,9,6,6,3,0,VAML_,743,.wav
VAML_744.wav,Vox,Training,145,9,6,6,3,0,VAML_,744,.wav
VAML_745.wav,Vox,Training,146,9,6,6,3,0,VAML_,745,.wav
VAML_746.wav,Vox,Training,147,9,6,6,3,0,VAML_,746,.wav
VAML_747.wav,Vox,Training,148,9,6,6,3,0,VAML_,747,.wav
VAML_748.wav,Vox,Training,149,9,6,6,3,0,VAML_,748,.wav
VAML_749.wav,Vox,Training,150,9,6,6,3,0,VAML_,749,.wav
VAML_750.wav,Vox,Training,151,9,6,6,3,0,VAML_,750,.wav
VAML_751.wav,Vox,Training,152,9,6,6,3,0,VAML_,751,.wav
VAML_752.wav,Vox,Training,153,9,6,6,3,0,VAML_,752,.wav
VAML_753.wav,Vox,Training,154,9,6,6,3,0,VAML_,753,.wav
VAML_754.wav,Vox,Training,155,9,6,6,3,0,VAML_,754,.wav
VAML_755.wav,Vox,Training,156,9,6,6,3,0,VAML_,755,.wav
VAML_756.wav,Vox,Training,157,9,6,6,3,0,VAML_,756,.wav
VAML_757.wav,Vox,Training,158,9,6,6,3,0,VAML_,757,.wav
VAML_758.wav,Vox,Training,159,9,6,6,3,0,VAML_,758,.wav
VAML_759.wav,Vox,Training,160,9,6,6,3,0,VAML_,759,.wav
VAML_760.wav,Vox,Training,161,9,6,6,3,0,VAML_,760,.wav
VAML_761.wav,Vox,Training,162,9,6,6,3,0,VAML_,761,.wav
VAML_762.wav,Vox,Training,163,9,6,6,3,0,VAML_,762,.wav
VAML_763.wav,Vox,Training,164,9,6,6,3,0,VAML_,763,.wav
VAML_764.wav,Vox,Training,165,9,6,6,3,0,VAML_,764,.wav
VAML_765.wav,Vox,Training,166,9,6,6,3,0,VAML_,765,.wav
VAML_766.wav,Vox,Training,167,9,6,6,3,0,VAML_,766,.wav
VAML_767.wav,Vox,Training,168,9,6,6,3,0,VAML_,767,.wav
VAML_768.wav,Vox,Training,169,9,6,6,3,0,VAML_,768,.wav
VAML_769.wav,Vox,Training,170,9,6,6,3,0,VAML_,769,.wav
VAML_770.wav,Vox,Training,171,9,6,6,3,0,VAML_,770,.wav
VAML_771.wav,Vox,Training,172,9,6,6,3,0,VAML_,771,.wav
VAML_772.wav,Vox,Training,173,9,6,6,3,0,VAML_,772,.wav
VAML_773.wav,Vox,Training,174,9,6,6,3,0,VAML_,773,.wav
VAML_774.wav,Vox,Training,175,9,6,6,3,0,VAML_,774,.wav
VAML_775.wav,Vox,Training,176,9,6,6,3,0,VAML_,775,.wav
VAML_776.wav,Vox,Training,177,9,6,6,3,0,VAML_,776,.wav
VAML_777.wav,Vox,Training,178,9,6,6,3,0,VAML_,777,.wav
VAML_778.wav,Vox,Training,179,9,6,6,3,0,VAML_,778,.wav
VAML_779.wav,Vox,Training,180,9,6,6,3,0,VAML_,779,.wav
VAML_780.wav,Vox,Training,181,9,6,6,3,0,VAML_,780,.wav
VAML_781.wav,Vox,Training,182,9,6,6,3,0,VAML_,781,.wav
VAML_782.wav,Vox,Training,183,9,6,6,3,0,VAML_,782,.wav
VAML_783.wav,Vox,Training,184,9,6,6,3,0,VAML_,783,.wav
VAML_784.wav,Vox,Training,185,9,6,6,3,0,VAML_,784,.wav
VAML_785.wav,Vox,Training,186,9,6,6,3,0,VAML_,785,.wav
VAML_786.wav,Vox,Training,187,9,6,6,3,0,VAML_,786,.wav
VAML_787.wav,Vox,Training,188,9,6,6,3,0,VAML_,787,.wav
VAML_788.wav,Vox,Training,189,9,6,6,3,0,VAML_,788,.wav
VAML_789.wav,Vox,Training,190,9,6,6,3,0,VAML_,789,.wav
VAML_790.wav,Vox,Training,191,9,6,6,3,0,VAML_,790,.wav
VAML_791.wav,Vox,Training,192,9,6,6,3,0,VAML_,791,.wav
VAML_792.wav,Vox,Training,193,9,6,6,3,0,VAML_,792,.wav
VAML_793.wav,Vox,Training,194,9,6,6,3,0,VAML_,793,.wav
VAML_794.wav,Vox,Training,195,9,6,6,3,0,VAML_,794,.wav
VAML_795.wav,Vox,Training,196,9,6,6,3,0,VAML_,795,.wav
VAML_796.wav,Vox,Training,197,9,6,6,3,0,VAML_,796,.wav
VAML_797.wav,Vox,Training,198,9,6,6,3,0,VAML_,797,.wav
VAML_798.wav,Vox,Training,199,9,6,6,3,0,VAML_,798,.wav
VAML_799.wav,Vox,Training,200,9,6,6,3,0,VAML_,799,.wav
VAML_800.wav,Vox,Training,201,9,6,6,3,0,VAML_,800,.wav
VAML_801.wav,Vox,Training,202,9,6,6,3,0,VAML_,801,.wav
VAML_802.wav,Vox,Training,203,9,6,6,3,0,VAML_,802,.wav
VAML_803.wav,Vox,Training,204,9,6,6,3,0,VAML_,803,.wav
VAML_804.wav,Vox,Training,205,9,6,6,3,0,VAML_,804,.wav
VAML_805.wav,Vox,Training,206,9,6,6,3,0,VAML_,805,.wav
VAML_806.wav,Vox,Training,207,9,6,6,3,0,VAML_,806,.wav
VAML_807.wav,Vox,Training,208,9,6,6,3,0,VAML_,807,.wav
VAML_808.wav,Vox,Training,209,9,6,6,3,0,VAML_,808,.wav
VAML_809.wav,Vox,Training,210,9,6,6,3,0,VAML_,809,.wav
VAML_810.wav,Vox,Training,211,9,6,6,3,0,VAML_,810,.wav
VAML_811.wav,Vox,Training,212,9,6,6,3,0,VAML_,811,.wav
VAML_812.wav,Vox,Training,213,9,6,6,3,0,VAML_,812,.wav
VAML_813.wav,Vox,Training,214,9,6,6,3,0,VAML_,813,.wav
VAML_814.wav,Vox,Training,215,9,6,6,3,0,VAML_,814,.wav
VAML_815.wav,Vox,Training,216,9,6,6,3,0,VAML_,815,.wav
VAML_816.wav,Vox,Training,217,9,6,6,3,0,VAML_,816,.wav
VAML_817.wav,Vox,Training,218,9,6,6,3,0,VAML_,817,.wav
VAML_818.wav,Vox,Training,219,9,6,6,3,0,VAML_,818,.wav
VAML_819.wav,Vox,Training,220,9,6,6,3,0,VAML_,819,.wav
VAML_820.wav,Vox,Training,221,9,6,6,3,0,VAML_,820,.wav
VAML_821.wav,Vox,Training,222,9,6,6,3,0,VAML_,821,.wav
VAML_822.wav,Vox,Training,223,9,6,6,3,0,VAML_,822,.wav
VAML_823.wav,Vox,Training,224,9,6,6,3,0,VAML_,823,.wav
VAML_824.wav,Vox,Training,225,9,6,6,3,0,VAML_,824,.wav
VAML_825.wav,Vox,Training,226,9,6,6,3,0,VAML_,825,.wav
VAML_826.wav,Vox,Validation,1,9,6,6,3,0,VAML_,826,.wav
VAML_827.wav,Vox,Validation,2,9,6,6,3,0,VAML_,827,.wav
VAML_828.wav,Vox,Validation,3,9,6,6,3,0,VAML_,828,.wav
VAML_829.wav,Vox,Validation,4,9,6,6,3,0,VAML_,829,.wav
VAML_830.wav,Vox,Validation,5,9,6,6,3,0,VAML_,830,.wav
VAML_831.wav,Vox,Validation,6,9,6,6,3,0,VAML_,831,.wav
VAML_832.wav,Vox,Validation,7,9,6,6,3,0,VAML_,832,.wav
VAML_833.wav,Vox,Validation,8,9,6,6,3,0,VAML_,833,.wav
VAML_834.wav,Vox,Validation,9,9,6,6,3,0,VAML_,834,.wav
VAML_835.wav,Vox,Validation,10,9,6,6,3,0,VAML_,835,.wav
VAML_836.wav,Vox,Validation,11,9,6,6,3,0,VAML_,836,.wav
VAML_837.wav,Vox,Validation,12,9,6,6,3,0,VAML_,837,.wav
VAML_838.wav,Vox,Validation,13,9,6,6,3,0,VAML_,838,.wav
VAML_839.wav,Vox,Validation,14,9,6,6,3,0,VAML_,839,.wav
VAML_840.wav,Vox,Validation,15,9,6,6,3,0,VAML_,840,.wav
VAML_841.wav,Vox,Validation,16,9,6,6,3,0,VAML_,841,.wav
VAML_842.wav,Vox,Validation,17,9,6,6,3,0,VAML_,842,.wav
VAML_843.wav,Vox,Validation,18,9,6,6,3,0,VAML_,843,.wav
VAML_844.wav,Vox,Validation,19,9,6,6,3,0,VAML_,844,.wav
VAML_845.wav,Vox,Validation,20,9,6,6,3,0,VAML_,845,.wav
VAML_846.wav,Vox,Validation,21,9,6,6,3,0,VAML_,846,.wav
VAML_847.wav,Vox,Validation,22,9,6,6,3,0,VAML_,847,.wav
VAML_848.wav,Vox,Validation,23,9,6,6,3,0,VAML_,848,.wav
VAML_849.wav,Vox,Validation,24,9,6,6,3,0,VAML_,849,.wav
VAML_850.wav,Vox,Validation,25,9,6,6,3,0,VAML_,850,.wav
VAML_851.wav,Vox,Validation,26,9,6,6,3,0,VAML_,851,.wav
VAML_852.wav,Vox,Validation,27,9,6,6,3,0,VAML_,852,.wav
VAML_853.wav,Vox,Validation,28,9,6,6,3,0,VAML_,853,.wav
VAML_854.wav,Vox,Validation,29,9,6,6,3,0,VAML_,854,.wav
VAML_855.wav,Vox,Validation,30,9,6,6,3,0,VAML_,855,.wav
VAML_856.wav,Vox,Validation,31,9,6,6,3,0,VAML_,856,.wav
VAML_857.wav,Vox,Validation,32,9,6,6,3,0,VAML_,857,.wav
VAML_858.wav,Vox,Validation,33,9,6,6,3,0,VAML_,858,.wav
VAML_859.wav,Vox,Validation,34,9,6,6,3,0,VAML_,859,.wav
VAML_860.wav,Vox,Testing,1,9,6,6,3,0,VAML_,860,.wav
VAML_861.wav,Vox,Testing,2,9,6,6,3,0,VAML_,861,.wav
VAML_862.wav,Vox,Testing,3,9,6,6,3,0,VAML_,862,.wav
VAML_863.wav,Vox,Testing,4,9,6,6,3,0,VAML_,863,.wav
VAML_864.wav,Vox,Testing,5,9,6,6,3,0,VAML_,864,.wav
VAML_865.wav,Vox,Testing,6,9,6,6,3,0,VAML_,865,.wav
VAML_866.wav,Vox,Testing,7,9,6,6,3,0,VAML_,866,.wav
VAML_867.wav,Vox,Testing,8,9,6,6,3,0,VAML_,867,.wav
VAML_868.wav,Vox,Testing,9,9,6,6,3,0,VAML_,868,.wav
VAML_869.wav,Vox,Testing,10,9,6,6,3,0,VAML_,869,.wav
VAML_870.wav,Vox,Testing,11,9,6,6,3,0,VAML_,870,.wav
VAML_871.wav,Vox,Testing,12,9,6,6,3,0,VAML_,871,.wav
VAML_872.wav,Vox,Testing,13,9,6,6,3,0,VAML_,872,.wav
VAML_873.wav,Vox,Testing,14,9,6,6,3,0,VAML_,873,.wav
VAML_874.wav,Vox,Testing,15,9,6,6,3,0,VAML_,874,.wav
VAML_875.wav,Vox,Testing,16,9,6,6,3,0,VAML_,875,.wav
VAML_876.wav,Vox,Testing,17,9,6,6,3,0,VAML_,876,.wav
VAML_877.wav,Vox,Testing,18,9,6,6,3,0,VAML_,877,.wav
VAML_878.wav,Vox,Testing,19,9,6,6,3,0,VAML_,878,.wav
VAML_879.wav,Vox,Testing,20,9,6,6,3,0,VAML_,879,.wav
VAML_880.wav,Vox,Testing,21,9,6,6,3,0,VAML_,880,.wav
VAML_881.wav,Vox,Testing,22,9,6,6,3,0,VAML_,881,.wav
VAML_882.wav,Vox,Testing,23,9,6,6,3,0,VAML_,882,.wav
VAML_883.wav,Vox,Testing,24,9,6,6,3,0,VAML_,883,.wav
VAML_884.wav,Vox,Testing,25,9,6,6,3,0,VAML_,884,.wav
VAML_885.wav,Vox,Testing,26,9,6,6,3,0,VAML_,885,.wav
VAML_886.wav,Vox,Testing,27,9,6,6,3,0,VAML_,886,.wav
VAML_887.wav,Vox,Testing,28,9,6,6,3,0,VAML_,887,.wav
VAML_888.wav,Vox,Testing,29,9,6,6,3,0,VAML_,888,.wav
VAML_889.wav,Vox,Testing,30,9,6,6,3,0,VAML_,889,.wav
VAML_890.wav,Vox,Testing,31,9,6,6,3,0,VAML_,890,.wav
VAML_891.wav,Vox,Testing,32,9,6,6,3,0,VAML_,891,.wav
VAML_892.wav,Vox,Testing,33,9,6,6,3,0,VAML_,892,.wav
VAML_893.wav,Vox,Testing,34,9,6,6,3,0,VAML_,893,.wav
VAML_894.wav,Vox,Testing,35,9,6,6,3,0,VAML_,894,.wav
VAML_895.wav,Vox,Testing,36,9,6,6,3,0,VAML_,895,.wav
VAML_896.wav,Vox,Testing,37,9,6,6,3,0,VAML_,896,.wav
VAML_897.wav,Vox,Testing,38,9,6,6,3,0,VAML_,897,.wav
VAML_898.wav,Vox,Testing,39,9,6,6,3,0,VAML_,898,.wav
VAML_899.wav,Vox,Testing,40,9,6,6,3,0,VAML_,899,.wav
VAML_900.wav,Vox,Training,1,12,6,6,3,0,VAML_,900,.wav
VAML_901.wav,Vox,Training,2,12,6,6,3,0,VAML_,901,.wav
VAML_902.wav,Vox,Training,3,12,6,6,3,0,VAML_,902,.wav
VAML_903.wav,Vox,Training,4,12,6,6,3,0,VAML_,903,.wav
VAML_904.wav,Vox,Training,5,12,6,6,3,0,VAML_,904,.wav
VAML_905.wav,Vox,Training,6,12,6,6,3,0,VAML_,905,.wav
VAML_906.wav,Vox,Training,7,12,6,6,3,0,VAML_,906,.wav
VAML_907.wav,Vox,Training,8,12,6,6,3,0,VAML_,907,.wav
VAML_908.wav,Vox,Training,9,12,6,6,3,0,VAML_,908,.wav
VAML_909.wav,Vox,Training,10,12,6,6,3,0,VAML_,909,.wav
VAML_910.wav,Vox,Training,11,12,6,6,3,0,VAML_,910,.wav
VAML_911.wav,Vox,Training,12,12,6,6,3,0,VAML_,911,.wav
VAML_912.wav,Vox,Training,13,12,6,6,3,0,VAML_,912,.wav
VAML_913.wav,Vox,Training,14,12,6,6,3,0,VAML_,913,.wav
VAML_914.wav,Vox,Training,15,12,6,6,3,0,VAML_,914,.wav
VAML_915.wav,Vox,Training,16,12,6,6,3,0,VAML_,915,.wav
VAML_916.wav,Vox,Training,17,12,6,6,3,0,VAML_,916,.wav
VAML_917.wav,Vox,Training,18,12,6,6,3,0,VAML_,917,.wav
VAML_918.wav,Vox,Training,19,12,6,6,3,0,VAML_,918,.wav
VAML_919.wav,Vox,Training,20,12,6,6,3,0,VAML_,919,.wav
VAML_920.wav,Vox,Training,21,12,6,6,3,0,VAML_,920,.wav
VAML_921.wav,Vox,Training,22,12,6,6,3,0,VAML_,921,.wav
VAML_922.wav,Vox,Training,23,12,6,6,3,0,VAML_,922,.wav
VAML_923.wav,Vox,Training,24,12,6,6,3,0,VAML_,923,.wav
VAML_924.wav,Vox,Training,25,12,6,6,3,0,VAML_,924,.wav
VAML_925.wav,Vox,Training,26,12,6,6,3,0,VAML_,925,.wav
VAML_926.wav,Vox,Training,27,12,6,6,3,0,VAML_,926,.wav
VAML_927.wav,Vox,Training,28,12,6,6,3,0,VAML_,927,.wav
VAML_928.wav,Vox,Training,29,12,6,6,3,0,VAML_,928,.wav
VAML_929.wav,Vox,Training,30,12,6,6,3,0,VAML_,929,.wav
VAML_930.wav,Vox,Training,31,12,6,6,3,0,VAML_,930,.wav
VAML_931.wav,Vox,Training,32,12,6,6,3,0,VAML_,931,.wav
VAML_932.wav,Vox,Training,33,12,6,6,3,0,VAML_,932,.wav
VAML_933.wav,Vox,Training,34,12,6,6,3,0,VAML_,933,.wav
VAML_934.wav,Vox,Training,35,12,6,6,3,0,VAML_,934,.wav
VAML_935.wav,Vox,Training,36,12,6,6,3,0,VAML_,935,.wav
VAML_936.wav,Vox,Training,37,12,6,6,3,0,VAML_,936,.wav
VAML_937.wav,Vox,Training,38,12,6,6,3,0,VAML_,937,.wav
VAML_938.wav,Vox,Training,39,12,6,6,3,0,VAML_,938,.wav
VAML_939.wav,Vox,Training,40,12,6,6,3,0,VAML_,939,.wav
VAML_940.wav,Vox,Training,41,12,6,6,3,0,VAML_,940,.wav
VAML_941.wav,Vox,Training,42,12,6,6,3,0,VAML_,941,.wav
VAML_942.wav,Vox,Training,43,12,6,6,3,0,VAML_,942,.wav
VAML_943.wav,Vox,Training,44,12,6,6,3,0,VAML_,943,.wav
VAML_944.wav,Vox,Training,45,12,6,6,3,0,VAML_,944,.wav
VAML_945.wav,Vox,Training,46,12,6,6,3,0,VAML_,945,.wav
VAML_946.wav,Vox,Training,47,12,6,6,3,0,VAML_,946,.wav
VAML_947.wav,Vox,Training,48,12,6,6,3,0,VAML_,947,.wav
VAML_948.wav,Vox,Training,49,12,6,6,3,0,VAML_,948,.wav
VAML_949.wav,Vox,Training,50,12,6,6,3,0,VAML_,949,.wav
VAML_950.wav,Vox,Training,51,12,6,6,3,0,VAML_,950,.wav
VAML_951.wav,Vox,Training,52,12,6,6,3,0,VAML_,951,.wav
VAML_952.wav,Vox,Training,53,12,6,6,3,0,VAML_,952,.wav
VAML_953.wav,Vox,Training,54,12,6,6,3,0,VAML_,953,.wav
VAML_954.wav,Vox,Training,55,12,6,6,3,0,VAML_,954,.wav
VAML_955.wav,Vox,Training,56,12,6,6,3,0,VAML_,955,.wav
VAML_956.wav,Vox,Training,57,12,6,6,3,0,VAML_,956,.wav
VAML_957.wav,Vox,Training,58,12,6,6,3,0,VAML_,957,.wav
VAML_958.wav,Vox,Training,59,12,6,6,3,0,VAML_,958,.wav
VAML_959.wav,Vox,Training,60,12,6,6,3,0,VAML_,959,.wav
VAML_960.wav,Vox,Training,61,12,6,6,3,0,VAML_,960,.wav
VAML_961.wav,Vox,Training,62,12,6,6,3,0,VAML_,961,.wav
VAML_962.wav,Vox,Training,63,12,6,6,3,0,VAML_,962,.wav
VAML_963.wav,Vox,Training,64,12,6,6,3,0,VAML_,963,.wav
VAML_964.wav,Vox,Training,65,12,6,6,3,0,VAML_,964,.wav
VAML_965.wav,Vox,Training,66,12,6,6,3,0,VAML_,965,.wav
VAML_966.wav,Vox,Training,67,12,6,6,3,0,VAML_,966,.wav
VAML_967.wav,Vox,Training,68,12,6,6,3,0,VAML_,967,.wav
VAML_968.wav,Vox,Training,69,12,6,6,3,0,VAML_,968,.wav
VAML_969.wav,Vox,Training,70,12,6,6,3,0,VAML_,969,.wav
VAML_970.wav,Vox,Training,71,12,6,6,3,0,VAML_,970,.wav
VAML_971.wav,Vox,Training,72,12,6,6,3,0,VAML_,971,.wav
VAML_972.wav,Vox,Training,73,12,6,6,3,0,VAML_,972,.wav
VAML_973.wav,Vox,Training,74,12,6,6,3,0,VAML_,973,.wav
VAML_974.wav,Vox,Training,75,12,6,6,3,0,VAML_,974,.wav
VAML_975.wav,Vox,Training,76,12,6,6,3,0,VAML_,975,.wav
VAML_976.wav,Vox,Training,77,12,6,6,3,0,VAML_,976,.wav
VAML_977.wav,Vox,Training,78,12,6,6,3,0,VAML_,977,.wav
VAML_978.wav,Vox,Training,79,12,6,6,3,0,VAML_,978,.wav
VAML_979.wav,Vox,Training,80,12,6,6,3,0,VAML_,979,.wav
VAML_980.wav,Vox,Training,81,12,6,6,3,0,VAML_,980,.wav
VAML_981.wav,Vox,Training,82,12,6,6,3,0,VAML_,981,.wav
VAML_982.wav,Vox,Training,83,12,6,6,3,0,VAML_,982,.wav
VAML_983.wav,Vox,Training,84,12,6,6,3,0,VAML_,983,.wav
VAML_984.wav,Vox,Training,85,12,6,6,3,0,VAML_,984,.wav
VAML_985.wav,Vox,Training,86,12,6,6,3,0,VAML_,985,.wav
VAML_986.wav,Vox,Training,87,12,6,6,3,0,VAML_,986,.wav
VAML_987.wav,Vox,Training,88,12,6,6,3,0,VAML_,987,.wav
VAML_988.wav,Vox,Training,89,12,6,6,3,0,VAML_,988,.wav
VAML_989.wav,Vox,Training,90,12,6,6,3,0,VAML_,989,.wav
VAML_990.wav,Vox,Training,91,12,6,6,3,0,VAML_,990,.wav
VAML_991.wav,Vox,Training,92,12,6,6,3,0,VAML_,991,.wav
VAML_992.wav,Vox,Training,93,12,6,6,3,0,VAML_,992,.wav
VAML_993.wav,Vox,Training,94,12,6,6,3,0,VAML_,993,.wav
VAML_994.wav,Vox,Training,95,12,6,6,3,0,VAML_,994,.wav
VAML_995.wav,Vox,Training,96,12,6,6,3,0,VAML_,995,.wav
VAML_996.wav,Vox,Training,97,12,6,6,3,0,VAML_,996,.wav
VAML_997.wav,Vox,Training,98,12,6,6,3,0,VAML_,997,.wav
VAML_998.wav,Vox,Training,99,12,6,6,3,0,VAML_,998,.wav
VAML_999.wav,Vox,Training,100,12,6,6,3,0,VAML_,999,.wav
VAML_1000.wav,Vox,Training,101,12,6,6,3,0,VAML_,1000,.wav
VAML_1001.wav,Vox,Training,102,12,6,6,3,0,VAML_,1001,.wav
VAML_1002.wav,Vox,Training,103,12,6,6,3,0,VAML_,1002,.wav
VAML_1003.wav,Vox,Training,104,12,6,6,3,0,VAML_,1003,.wav
VAML_1004.wav,Vox,Training,105,12,6,6,3,0,VAML_,1004,.wav
VAML_1005.wav,Vox,Training,106,12,6,6,3,0,VAML_,1005,.wav
VAML_1006.wav,Vox,Training,107,12,6,6,3,0,VAML_,1006,.wav
VAML_1007.wav,Vox,Training,108,12,6,6,3,0,VAML_,1007,.wav
VAML_1008.wav,Vox,Training,109,12,6,6,3,0,VAML_,1008,.wav
VAML_1009.wav,Vox,Training,110,12,6,6,3,0,VAML_,1009,.wav
VAML_1010.wav,Vox,Training,111,12,6,6,3,0,VAML_,1010,.wav
VAML_1011.wav,Vox,Training,112,12,6,6,3,0,VAML_,1011,.wav
VAML_1012.wav,Vox,Training,113,12,6,6,3,0,VAML_,1012,.wav
VAML_1013.wav,Vox,Training,114,12,6,6,3,0,VAML_,1013,.wav
VAML_1014.wav,Vox,Training,115,12,6,6,3,0,VAML_,1014,.wav
VAML_1015.wav,Vox,Training,116,12,6,6,3,0,VAML_,1015,.wav
VAML_1016.wav,Vox,Training,117,12,6,6,3,0,VAML_,1016,.wav
VAML_1017.wav,Vox,Training,118,12,6,6,3,0,VAML_,1017,.wav
VAML_1018.wav,Vox,Training,119,12,6,6,3,0,VAML_,1018,.wav
VAML_1019.wav,Vox,Training,120,12,6,6,3,0,VAML_,1019,.wav
VAML_1020.wav,Vox,Training,121,12,6,6,3,0,VAML_,1020,.wav
VAML_1021.wav,Vox,Training,122,12,6,6,3,0,VAML_,1021,.wav
VAML_1022.wav,Vox,Training,123,12,6,6,3,0,VAML_,1022,.wav
VAML_1023.wav,Vox,Training,124,12,6,6,3,0,VAML_,1023,.wav
VAML_1024.wav,Vox,Training,125,12,6,6,3,0,VAML_,1024,.wav
VAML_1025.wav,Vox,Training,126,12,6,6,3,0,VAML_,1025,.wav
VAML_1026.wav,Vox,Training,127,12,6,6,3,0,VAML_,1026,.wav
VAML_1027.wav,Vox,Training,128,12,6,6,3,0,VAML_,1027,.wav
VAML_1028.wav,Vox,Training,129,12,6,6,3,0,VAML_,1028,.wav
VAML_1029.wav,Vox,Training,130,12,6,6,3,0,VAML_,1029,.wav
VAML_1030.wav,Vox,Training,131,12,6,6,3,0,VAML_,1030,.wav
VAML_1031.wav,Vox,Training,132,12,6,6,3,0,VAML_,1031,.wav
VAML_1032.wav,Vox,Training,133,12,6,6,3,0,VAML_,1032,.wav
VAML_1033.wav,Vox,Training,134,12,6,6,3,0,VAML_,1033,.wav
VAML_1034.wav,Vox,Training,135,12,6,6,3,0,VAML_,1034,.wav
VAML_1035.wav,Vox,Training,136,12,6,6,3,0,VAML_,1035,.wav
VAML_1036.wav,Vox,Training,137,12,6,6,3,0,VAML_,1036,.wav
VAML_1037.wav,Vox,Training,138,12,6,6,3,0,VAML_,1037,.wav
VAML_1038.wav,Vox,Training,139,12,6,6,3,0,VAML_,1038,.wav
VAML_1039.wav,Vox,Training,140,12,6,6,3,0,VAML_,1039,.wav
VAML_1040.wav,Vox,Training,141,12,6,6,3,0,VAML_,1040,.wav
VAML_1041.wav,Vox,Training,142,12,6,6,3,0,VAML_,1041,.wav
VAML_1042.wav,Vox,Training,143,12,6,6,3,0,VAML_,1042,.wav
VAML_1043.wav,Vox,Training,144,12,6,6,3,0,VAML_,1043,.wav
VAML_1044.wav,Vox,Training,145,12,6,6,3,0,VAML_,1044,.wav
VAML_1045.wav,Vox,Training,146,12,6,6,3,0,VAML_,1045,.wav
VAML_1046.wav,Vox,Training,147,12,6,6,3,0,VAML_,1046,.wav
VAML_1047.wav,Vox,Training,148,12,6,6,3,0,VAML_,1047,.wav
VAML_1048.wav,Vox,Training,149,12,6,6,3,0,VAML_,1048,.wav
VAML_1049.wav,Vox,Training,150,12,6,6,3,0,VAML_,1049,.wav
VAML_1050.wav,Vox,Training,151,12,6,6,3,0,VAML_,1050,.wav
VAML_1051.wav,Vox,Training,152,12,6,6,3,0,VAML_,1051,.wav
VAML_1052.wav,Vox,Training,153,12,6,6,3,0,VAML_,1052,.wav
VAML_1053.wav,Vox,Training,154,12,6,6,3,0,VAML_,1053,.wav
VAML_1054.wav,Vox,Training,155,12,6,6,3,0,VAML_,1054,.wav
VAML_1055.wav,Vox,Training,156,12,6,6,3,0,VAML_,1055,.wav
VAML_1056.wav,Vox,Training,157,12,6,6,3,0,VAML_,1056,.wav
VAML_1057.wav,Vox,Training,158,12,6,6,3,0,VAML_,1057,.wav
VAML_1058.wav,Vox,Training,159,12,6,6,3,0,VAML_,1058,.wav
VAML_1059.wav,Vox,Training,160,12,6,6,3,0,VAML_,1059,.wav
VAML_1060.wav,Vox,Training,161,12,6,6,3,0,VAML_,1060,.wav
VAML_1061.wav,Vox,Training,162,12,6,6,3,0,VAML_,1061,.wav
VAML_1062.wav,Vox,Training,163,12,6,6,3,0,VAML_,1062,.wav
VAML_1063.wav,Vox,Training,164,12,6,6,3,0,VAML_,1063,.wav
VAML_1064.wav,Vox,Training,165,12,6,6,3,0,VAML_,1064,.wav
VAML_1065.wav,Vox,Training,166,12,6,6,3,0,VAML_,1065,.wav
VAML_1066.wav,Vox,Training,167,12,6,6,3,0,VAML_,1066,.wav
VAML_1067.wav,Vox,Training,168,12,6,6,3,0,VAML_,1067,.wav
VAML_1068.wav,Vox,Training,169,12,6,6,3,0,VAML_,1068,.wav
VAML_1069.wav,Vox,Training,170,12,6,6,3,0,VAML_,1069,.wav
VAML_1070.wav,Vox,Training,171,12,6,6,3,0,VAML_,1070,.wav
VAML_1071.wav,Vox,Training,172,12,6,6,3,0,VAML_,1071,.wav
VAML_1072.wav,Vox,Training,173,12,6,6,3,0,VAML_,1072,.wav
VAML_1073.wav,Vox,Training,174,12,6,6,3,0,VAML_,1073,.wav
VAML_1074.wav,Vox,Training,175,12,6,6,3,0,VAML_,1074,.wav
VAML_1075.wav,Vox,Training,176,12,6,6,3,0,VAML_,1075,.wav
VAML_1076.wav,Vox,Training,177,12,6,6,3,0,VAML_,1076,.wav
VAML_1077.wav,Vox,Training,178,12,6,6,3,0,VAML_,1077,.wav
VAML_1078.wav,Vox,Training,179,12,6,6,3,0,VAML_,1078,.wav
VAML_1079.wav,Vox,Training,180,12,6,6,3,0,VAML_,1079,.wav
VAML_1080.wav,Vox,Training,181,12,6,6,3,0,VAML_,1080,.wav
VAML_1081.wav,Vox,Training,182,12,6,6,3,0,VAML_,1081,.wav
VAML_1082.wav,Vox,Training,183,12,6,6,3,0,VAML_,1082,.wav
VAML_1083.wav,Vox,Training,184,12,6,6,3,0,VAML_,1083,.wav
VAML_1084.wav,Vox,Training,185,12,6,6,3,0,VAML_,1084,.wav
VAML_1085.wav,Vox,Training,186,12,6,6,3,0,VAML_,1085,.wav
VAML_1086.wav,Vox,Training,187,12,6,6,3,0,VAML_,1086,.wav
VAML_1087.wav,Vox,Training,188,12,6,6,3,0,VAML_,1087,.wav
VAML_1088.wav,Vox,Training,189,12,6,6,3,0,VAML_,1088,.wav
VAML_1089.wav,Vox,Training,190,12,6,6,3,0,VAML_,1089,.wav
VAML_1090.wav,Vox,Training,191,12,6,6,3,0,VAML_,1090,.wav
VAML_1091.wav,Vox,Training,192,12,6,6,3,0,VAML_,1091,.wav
VAML_1092.wav,Vox,Training,193,12,6,6,3,0,VAML_,1092,.wav
VAML_1093.wav,Vox,Training,194,12,6,6,3,0,VAML_,1093,.wav
VAML_1094.wav,Vox,Training,195,12,6,6,3,0,VAML_,1094,.wav
VAML_1095.wav,Vox,Training,196,12,6,6,3,0,VAML_,1095,.wav
VAML_1096.wav,Vox,Training,197,12,6,6,3,0,VAML_,1096,.wav
VAML_1097.wav,Vox,Training,198,12,6,6,3,0,VAML_,1097,.wav
VAML_1098.wav,Vox,Training,199,12,6,6,3,0,VAML_,1098,.wav
VAML_1099.wav,Vox,Training,200,12,6,6,3,0,VAML_,1099,.wav
VAML_1100.wav,Vox,Training,201,12,6,6,3,0,VAML_,1100,.wav
VAML_1101.wav,Vox,Training,202,12,6,6,3,0,VAML_,1101,.wav
VAML_1102.wav,Vox,Training,203,12,6,6,3,0,VAML_,1102,.wav
VAML_1103.wav,Vox,Training,204,12,6,6,3,0,VAML_,1103,.wav
VAML_1104.wav,Vox,Training,205,12,6,6,3,0,VAML_,1104,.wav
VAML_1105.wav,Vox,Training,206,12,6,6,3,0,VAML_,1105,.wav
VAML_1106.wav,Vox,Training,207,12,6,6,3,0,VAML_,1106,.wav
VAML_1107.wav,Vox,Training,208,12,6,6,3,0,VAML_,1107,.wav
VAML_1108.wav,Vox,Training,209,12,6,6,3,0,VAML_,1108,.wav
VAML_1109.wav,Vox,Training,210,12,6,6,3,0,VAML_,1109,.wav
VAML_1110.wav,Vox,Training,211,12,6,6,3,0,VAML_,1110,.wav
VAML_1111.wav,Vox,Training,212,12,6,6,3,0,VAML_,1111,.wav
VAML_1112.wav,Vox,Training,213,12,6,6,3,0,VAML_,1112,.wav
VAML_1113.wav,Vox,Training,214,12,6,6,3,0,VAML_,1113,.wav
VAML_1114.wav,Vox,Training,215,12,6,6,3,0,VAML_,1114,.wav
VAML_1115.wav,Vox,Training,216,12,6,6,3,0,VAML_,1115,.wav
VAML_1116.wav,Vox,Training,217,12,6,6,3,0,VAML_,1116,.wav
VAML_1117.wav,Vox,Training,218,12,6,6,3,0,VAML_,1117,.wav
VAML_1118.wav,Vox,Training,219,12,6,6,3,0,VAML_,1118,.wav
VAML_1119.wav,Vox,Training,220,12,6,6,3,0,VAML_,1119,.wav
VAML_1120.wav,Vox,Training,221,12,6,6,3,0,VAML_,1120,.wav
VAML_1121.wav,Vox,Training,222,12,6,6,3,0,VAML_,1121,.wav
VAML_1122.wav,Vox,Training,223,12,6,6,3,0,VAML_,1122,.wav
VAML_1123.wav,Vox,Training,224,12,6,6,3,0,VAML_,1123,.wav
VAML_1124.wav,Vox,Training,225,12,6,6,3,0,VAML_,1124,.wav
VAML_1125.wav,Vox,Training,226,12,6,6,3,0,VAML_,1125,.wav
VAML_1126.wav,Vox,Validation,1,12,6,6,3,0,VAML_,1126,.wav
VAML_1127.wav,Vox,Validation,2,12,6,6,3,0,VAML_,1127,.wav
VAML_1128.wav,Vox,Validation,3,12,6,6,3,0,VAML_,1128,.wav
VAML_1129.wav,Vox,Validation,4,12,6,6,3,0,VAML_,1129,.wav
VAML_1130.wav,Vox,Validation,5,12,6,6,3,0,VAML_,1130,.wav
VAML_1131.wav,Vox,Validation,6,12,6,6,3,0,VAML_,1131,.wav
VAML_1132.wav,Vox,Validation,7,12,6,6,3,0,VAML_,1132,.wav
VAML_1133.wav,Vox,Validation,8,12,6,6,3,0,VAML_,1133,.wav
VAML_1134.wav,Vox,Validation,9,12,6,6,3,0,VAML_,1134,.wav
VAML_1135.wav,Vox,Validation,10,12,6,6,3,0,VAML_,1135,.wav
VAML_1136.wav,Vox,Validation,11,12,6,6,3,0,VAML_,1136,.wav
VAML_1137.wav,Vox,Validation,12,12,6,6,3,0,VAML_,1137,.wav
VAML_1138.wav,Vox,Validation,13,12,6,6,3,0,VAML_,1138,.wav
VAML_1139.wav,Vox,Validation,14,12,6,6,3,0,VAML_,1139,.wav
VAML_1140.wav,Vox,Validation,15,12,6,6,3,0,VAML_,1140,.wav
VAML_1141.wav,Vox,Validation,16,12,6,6,3,0,VAML_,1141,.wav
VAML_1142.wav,Vox,Validation,17,12,6,6,3,0,VAML_,1142,.wav
VAML_1143.wav,Vox,Validation,18,12,6,6,3,0,VAML_,1143,.wav
VAML_1144.wav,Vox,Validation,19,12,6,6,3,0,VAML_,1144,.wav
VAML_1145.wav,Vox,Validation,20,12,6,6,3,0,VAML_,1145,.wav
VAML_1146.wav,Vox,Validation,21,12,6,6,3,0,VAML_,1146,.wav
VAML_1147.wav,Vox,Validation,22,12,6,6,3,0,VAML_,1147,.wav
VAML_1148.wav,Vox,Validation,23,12,6,6,3,0,VAML_,1148,.wav
VAML_1149.wav,Vox,Validation,24,12,6,6,3,0,VAML_,1149,.wav
VAML_1150.wav,Vox,Validation,25,12,6,6,3,0,VAML_,1150,.wav
VAML_1151.wav,Vox,Validation,26,12,6,6,3,0,VAML_,1151,.wav
VAML_1152.wav,Vox,Validation,27,12,6,6,3,0,VAML_,1152,.wav
VAML_1153.wav,Vox,Validation,28,12,6,6,3,0,VAML_,1153,.wav
VAML_1154.wav,Vox,Validation,29,12,6,6,3,0,VAML_,1154,.wav
VAML_1155.wav,Vox,Validation,30,12,6,6,3,0,VAML_,1155,.wav
VAML_1156.wav,Vox,Validation,31,12,6,6,3,0,VAML_,1156,.wav
VAML_1157.wav,Vox,Validation,32,12,6,6,3,0,VAML_,1157,.wav
VAML_1158.wav,Vox,Validation,33,12,6,6,3,0,VAML_,1158,.wav
VAML_1159.wav,Vox,Validation,34,12,6,6,3,0,VAML_,1159,.wav
VAML_1160.wav,Vox,Testing,1,12,6,6,3,0,VAML_,1160,.wav
VAML_1161.wav,Vox,Testing,2,12,6,6,3,0,VAML_,1161,.wav
VAML_1162.wav,Vox,Testing,3,12,6,6,3,0,VAML_,1162,.wav
VAML_1163.wav,Vox,Testing,4,12,6,6,3,0,VAML_,1163,.wav
VAML_1164.wav,Vox,Testing,5,12,6,6,3,0,VAML_,1164,.wav
VAML_1165.wav,Vox,Testing,6,12,6,6,3,0,VAML_,1165,.wav
VAML_1166.wav,Vox,Testing,7,12,6,6,3,0,VAML_,1166,.wav
VAML_1167.wav,Vox,Testing,8,12,6,6,3,0,VAML_,1167,.wav
VAML_1168.wav,Vox,Testing,9,12,6,6,3,0,VAML_,1168,.wav
VAML_1169.wav,Vox,Testing,10,12,6,6,3,0,VAML_,1169,.wav
VAML_1170.wav,Vox,Testing,11,12,6,6,3,0,VAML_,1170,.wav
VAML_1171.wav,Vox,Testing,12,12,6,6,3,0,VAML_,1171,.wav
VAML_1172.wav,Vox,Testing,13,12,6,6,3,0,VAML_,1172,.wav
VAML_1173.wav,Vox,Testing,14,12,6,6,3,0,VAML_,1173,.wav
VAML_1174.wav,Vox,Testing,15,12,6,6,3,0,VAML_,1174,.wav
VAML_1175.wav,Vox,Testing,16,12,6,6,3,0,VAML_,1175,.wav
VAML_1176.wav,Vox,Testing,17,12,6,6,3,0,VAML_,1176,.wav
VAML_1177.wav,Vox,Testing,18,12,6,6,3,0,VAML_,1177,.wav
VAML_1178.wav,Vox,Testing,19,12,6,6,3,0,VAML_,1178,.wav
VAML_1179.wav,Vox,Testing,20,12,6,6,3,0,VAML_,1179,.wav
VAML_1180.wav,Vox,Testing,21,12,6,6,3,0,VAML_,1180,.wav
VAML_1181.wav,Vox,Testing,22,12,6,6,3,0,VAML_,1181,.wav
VAML_1182.wav,Vox,Testing,23,12,6,6,3,0,VAML_,1182,.wav
VAML_1183.wav,Vox,Testing,24,12,6,6,3,0,VAML_,1183,.wav
VAML_1184.wav,Vox,Testing,25,12,6,6,3,0,VAML_,1184,.wav
VAML_1185.wav,Vox,Testing,26,12,6,6,3,0,VAML_,1185,.wav
VAML_1186.wav,Vox,Testing,27,12,6,6,3,0,VAML_,1186,.wav
VAML_1187.wav,Vox,Testing,28,12,6,6,3,0,VAML_,1187,.wav
VAML_1188.wav,Vox,Testing,29,12,6,6,3,0,VAML_,1188,.wav
VAML_1189.wav,Vox,Testing,30,12,6,6,3,0,VAML_,1189,.wav
VAML_1190.wav,Vox,Testing,31,12,6,6,3,0,VAML_,1190,.wav
VAML_1191.wav,Vox,Testing,32,12,6,6,3,0,VAML_,1191,.wav
VAML_1192.wav,Vox,Testing,33,12,6,6,3,0,VAML_,1192,.wav
VAML_1193.wav,Vox,Testing,34,12,6,6,3,0,VAML_,1193,.wav
VAML_1194.wav,Vox,Testing,35,12,6,6,3,0,VAML_,1194,.wav
VAML_1195.wav,Vox,Testing,36,12,6,6,3,0,VAML_,1195,.wav
VAML_1196.wav,Vox,Testing,37,12,6,6,3,0,VAML_,1196,.wav
VAML_1197.wav,Vox,Testing,38,12,6,6,3,0,VAML_,1197,.wav
VAML_1198.wav,Vox,Testing,39,12,6,6,3,0,VAML_,1198,.wav